mp_id,name,party,state,constituency,gender,age,education,attendance_pct,debates_count,total_questions_prs,total_questions_parsed,pvt_member_bills_count,profile_url,Health and Family Welfare,Agriculture and Farmers Welfare,Railways,Finance,Education,"Environment, Forest and Climate Change",Jal Shakti,Women and Child Development,Road Transport and Highways,Housing and Urban Affairs,Home Affairs,Commerce and Industry,Labour and Employment,Civil Aviation,Rural Development,"Consumer Affairs, Food and Public Distribution",AYUSH,Communications,Petroleum and Natural Gas,Textiles,Chemicals and Fertilizers,Law and Justice,"Fisheries, Animal Husbandry and Dairying",Tourism,Electronics and Information Technology,"Micro, Small and Medium Enterprises",Social Justice and Empowerment,Culture,Defence,New and Renewable Energy,Skill Development and Entrepreneurship,External Affairs,Youth Affairs and Sports,Human Resource Development,Power,Tribal Affairs,Information and Broadcasting,Coal,Prime Minister,Food Processing Industries,Corporate Affairs,Science and Technology,Minority Affairs,"Ports, Shipping and Waterways",Heavy Industries and Public Enterprises,Earth Sciences,Panchayati Raj,Mines,Steel,Statistics and Programme Implementation,Cooperation,Planning,Shipping,Development of North Eastern Region,Ayush,Consumer Affairs,Micro,Parliamentary Affairs,Heavy Industries,Statiscs and Programme Implementation,Atomic Energy,"Personnel, Public Grievances and Pensions",Space
kuldeep-rai-sharma,Kuldeep Rai Sharma,INC,Andaman and Nicobar Islands,Andaman and Nicobar Islands,Male,56 years,Professional Graduate,70,834,610,610,9,https://prsindia.org/mptrack/17-lok-sabha/kuldeep-rai-sharma,67,38,28,27,25,9,9,13,14,23,13,22,15,12,9,17,17,12,11,18,7,12,14,11,6,16,6,9,5,12,6,5,16,11,5,0,10,17,1,10,2,8,3,1,0,0,0,3,4,1,1,1,4,0,2,1,1,0,0,0,0,0,0
chinta-anuradha,Chinta Anuradha,YSRCP,Andhra Pradesh,Amalapuram,Female,51 years,Graduate,67,37,280,280,1,https://prsindia.org/mptrack/17-lok-sabha/chinta-anuradha,15,5,6,12,6,9,6,11,7,5,8,6,6,12,2,7,9,4,7,5,5,5,7,3,9,6,2,2,7,6,6,5,1,1,4,7,5,4,2,3,6,3,6,4,4,8,3,3,1,1,1,0,0,0,0,0,0,1,1,0,0,0,0
beesetti-venkata-satyavathi,Beesetti Venkata Satyavathi,YSRCP,Andhra Pradesh,Anakapalli,Female,57 years,Doctorate,85,76,299,299,0,https://prsindia.org/mptrack/17-lok-sabha/beesetti-venkata-satyavathi,14,13,9,13,12,9,7,6,8,6,9,7,8,10,4,6,10,5,5,6,8,7,5,7,7,9,1,5,3,11,6,1,2,0,3,6,2,5,4,6,7,1,4,5,5,4,1,1,4,0,1,0,0,0,0,0,0,1,0,0,0,0,0
talari-rangaiah,Talari Rangaiah,YSRCP,Andhra Pradesh,Anantapur,Male,53 years,Post Graduate,85,22,215,215,1,https://prsindia.org/mptrack/17-lok-sabha/talari-rangaiah,6,4,9,7,8,6,10,7,3,6,10,5,7,5,8,3,4,5,2,2,3,6,8,3,5,1,7,3,4,9,4,6,1,2,2,2,0,0,2,2,3,1,9,2,1,3,2,0,3,3,0,0,1,0,0,0,0,0,0,0,0,0,0
goddeti-madhavi,Goddeti Madhavi,YSRCP,Andhra Pradesh,Araku,Female,31 years,Graduate,86,40,171,171,0,https://prsindia.org/mptrack/17-lok-sabha/goddeti-madhavi,7,9,0,8,11,4,0,4,3,8,7,7,3,9,1,5,3,7,1,3,5,2,7,1,4,3,3,4,3,3,3,1,0,0,0,9,1,0,1,4,4,1,3,3,2,1,0,0,1,0,1,0,0,0,0,0,0,1,0,0,0,0,0
suresh-nandigam,Suresh Nandigam,YSRCP,Andhra Pradesh,Bapatla,Male,47 years,Matric,35,2,8,8,0,https://prsindia.org/mptrack/17-lok-sabha/suresh-nandigam,2,0,0,2,0,0,0,1,0,0,0,0,0,0,1,1,0,0,0,0,0,0,1,0,0,0,0,0,0,0,0,0,0,0,0,0,0,0,0,0,0,0,0,0,0,0,0,0,0,0,0,0,0,0,0,0,0,0,0,0,0,0,0
n-reddeppa,N. Reddeppa,YSRCP,Andhra Pradesh,Chittoor,Male,72 years,Post Graduate,82,25,331,331,0,https://prsindia.org/mptrack/17-lok-sabha/n-reddeppa,16,19,11,11,15,13,14,12,7,16,8,10,6,9,6,15,6,10,5,3,6,2,8,5,4,8,5,8,8,10,5,1,2,5,2,3,4,3,3,3,5,2,5,2,2,3,3,1,1,0,0,0,0,0,0,0,0,0,0,0,0,0,0
sridhar-kotagiri,Sridhar Kotagiri,YSRCP,Andhra Pradesh,Eluru,Male,50 years,Graduate,76,25,312,312,0,https://prsindia.org/mptrack/17-lok-sabha/sridhar-kotagiri,15,23,13,20,7,20,10,6,8,10,7,10,0,8,4,11,5,7,4,2,5,6,4,3,5,1,5,4,11,11,4,2,3,5,6,7,1,4,1,3,6,1,4,3,3,3,1,2,2,1,2,1,0,0,0,0,0,1,1,0,0,0,0
jayadev-galla,Jayadev Galla,TDP,Andhra Pradesh,Guntur,Male,57 years,Graduate,87,89,314,314,0,https://prsindia.org/mptrack/17-lok-sabha/jayadev-galla,13,17,10,20,14,11,4,11,9,16,7,13,5,7,8,7,4,3,3,6,4,6,6,3,4,5,7,3,10,5,5,6,2,8,3,5,4,4,5,4,4,3,5,5,1,1,2,3,0,2,0,0,0,0,0,0,1,0,0,0,0,0,0
kuruva-gorantla-madhav,Kuruva Gorantla Madhav,YSRCP,Andhra Pradesh,Hindupur,Male,54 years,Professional Graduate,71,40,306,306,0,https://prsindia.org/mptrack/17-lok-sabha/kuruva-gorantla-madhav,18,13,9,15,7,8,10,7,7,7,12,6,6,12,6,11,7,6,6,8,4,6,8,6,5,8,1,6,3,4,4,6,1,2,3,8,4,3,6,3,6,0,3,5,3,2,3,3,3,1,2,3,0,0,0,0,0,0,0,0,0,0,0
ys-avinash-reddy,Y.S. Avinash Reddy,YSRCP,Andhra Pradesh,Kadapa,Male,39 years,Professional Post Graduate,42,1,365,365,0,https://prsindia.org/mptrack/17-lok-sabha/ys-avinash-reddy,32,26,18,32,9,6,23,14,8,8,3,13,5,6,14,5,6,10,2,12,11,2,6,6,5,5,5,3,2,5,6,1,0,8,10,2,5,5,1,2,0,2,1,4,3,2,1,0,1,0,3,1,4,0,0,1,0,0,0,0,0,0,0
vanga-geethaviswanatham,Geetha Viswanath Vanga,YSRCP,Andhra Pradesh,Kakinada,Female,59 years,Post Graduate,69,77,346,346,1,https://prsindia.org/mptrack/17-lok-sabha/vanga-geethaviswanatham,20,15,11,16,13,16,13,10,11,9,19,9,7,6,6,9,5,8,10,9,6,11,5,3,10,3,2,5,9,2,6,6,5,7,3,3,3,2,4,4,0,4,4,2,1,0,3,0,3,0,0,4,3,0,1,0,0,0,0,0,0,0,0
sanjeev-kumar-ayushman,Sanjeev Kumar Ayushman,YSRCP,Andhra Pradesh,Kurnool,Male,57 years,Doctorate,68,19,243,243,6,https://prsindia.org/mptrack/17-lok-sabha/sanjeev-kumar-ayushman,20,11,7,5,15,4,4,5,7,10,7,9,5,13,3,5,4,5,1,12,11,5,5,2,2,5,6,5,1,2,3,3,0,0,1,4,0,3,4,3,3,0,7,3,2,2,1,4,0,1,1,0,0,0,1,1,0,0,0,0,0,0,0
balashowry-vallabbhaneni,Balashowry Vallabbhaneni,YSRCP,Andhra Pradesh,Machilipatnam,Male,55 years,Graduate,76,16,316,316,0,https://prsindia.org/mptrack/17-lok-sabha/balashowry-vallabbhaneni,24,15,13,27,10,7,11,7,7,8,6,14,4,8,9,6,5,3,8,5,8,4,15,3,4,3,2,2,4,7,3,4,2,9,3,2,2,2,3,3,2,0,3,8,3,3,1,4,1,0,2,3,1,0,0,1,2,0,0,0,0,0,0
pocha-brahmananda-reddy,Pocha. Brahmananda Reddy,YSRCP,Andhra Pradesh,Nandyal,Male,66 years,Post Graduate,68,22,271,271,0,https://prsindia.org/mptrack/17-lok-sabha/pocha-brahmananda-reddy,14,20,5,11,19,11,11,0,3,11,4,18,3,10,4,4,11,8,4,8,18,2,8,4,5,6,0,1,3,4,2,0,1,0,3,4,4,1,1,1,6,1,3,2,2,2,0,2,1,1,3,0,0,0,0,0,0,1,0,0,0,0,0
lavu-sri-krishna-devarayalu,Lavu Sri Krishna Devarayalu,YSRCP,Andhra Pradesh,Narasaraopet,Male,40 years,Professional Post Graduate,82,81,285,285,7,https://prsindia.org/mptrack/17-lok-sabha/lavu-sri-krishna-devarayalu,17,12,11,15,13,9,7,5,6,8,5,10,14,8,8,7,6,6,6,6,8,9,4,2,3,5,6,1,2,8,1,6,0,4,5,3,2,2,4,5,6,1,3,4,2,0,0,2,3,1,2,0,1,0,0,1,0,0,0,0,0,0,0
kanumuru-raghu-rama-krishna-raju,Kanumuru Raghu Rama Krishna Raju,YSRCP,Andhra Pradesh,Narsapuram,Male,61 years,Professional Post Graduate,98,75,376,376,1,https://prsindia.org/mptrack/17-lok-sabha/kanumuru-raghu-rama-krishna-raju,24,26,18,38,10,5,16,9,10,9,11,15,4,4,10,9,8,7,9,12,16,9,6,5,11,7,2,2,5,6,4,2,0,2,8,2,4,2,3,5,3,0,1,4,4,1,0,0,2,1,0,2,2,0,1,0,0,0,0,0,0,0,0
adala-prabhakara-reddy,Adala Prabhakara Reddy,YSRCP,Andhra Pradesh,Nellore,Male,75 years,Inter/ Higher Secondary,58,2,232,232,0,https://prsindia.org/mptrack/17-lok-sabha/adala-prabhakara-reddy,10,7,8,13,8,9,7,3,3,8,4,6,5,13,5,7,11,7,8,5,6,4,5,5,1,4,1,2,3,3,1,0,1,3,1,3,4,4,3,2,5,0,1,5,10,2,1,1,3,0,1,0,0,0,0,0,0,0,0,0,0,0,0
magunta-srinivasulu-reddy,Magunta Srinivasulu Reddy,YSRCP,Andhra Pradesh,Ongole,Male,70 years,Graduate,71,32,379,379,0,https://prsindia.org/mptrack/17-lok-sabha/magunta-srinivasulu-reddy,22,9,10,14,13,21,8,13,8,14,4,13,7,12,9,6,8,12,5,6,10,3,15,9,6,2,7,7,7,6,9,1,1,2,8,9,0,6,6,7,5,4,4,11,4,5,3,3,2,0,0,0,3,0,0,0,0,0,0,0,0,0,0
margani-bharat-ram,Margani Bharat Ram,YSRCP,Andhra Pradesh,Rajahmundry,Male,41 years,Graduate,66,46,286,286,1,https://prsindia.org/mptrack/17-lok-sabha/margani-bharat-ram,16,16,10,8,8,13,11,8,5,7,9,11,8,13,6,7,6,10,17,4,5,9,2,3,2,3,6,7,5,2,3,6,2,1,2,3,7,2,3,4,3,0,0,6,1,2,1,1,1,1,0,0,0,0,0,0,0,0,0,0,0,0,0
pv-midhun-reddy,P.V. Midhun Reddy,YSRCP,Andhra Pradesh,Rajampet,Male,46 years,Professional Post Graduate,68,33,341,341,2,https://prsindia.org/mptrack/17-lok-sabha/pv-midhun-reddy,20,11,12,20,13,14,11,9,8,12,5,10,5,9,11,13,5,3,7,3,10,4,5,4,9,8,3,7,8,6,7,4,3,3,5,1,2,2,5,4,8,2,4,6,7,4,2,2,2,1,0,0,1,0,0,0,0,1,0,0,0,0,0
ram-mohan-naidu-kinjarapu,Ram Mohan Naidu Kinjarapu,TDP,Andhra Pradesh,Srikakulam,Male,36 years,Professional Post Graduate,84,85,285,285,3,https://prsindia.org/mptrack/17-lok-sabha/ram-mohan-naidu-kinjarapu,25,6,14,13,9,12,5,17,5,9,14,7,7,4,9,2,1,7,4,4,3,3,7,2,6,2,3,3,11,4,3,4,12,3,1,4,0,0,2,3,0,1,4,3,1,5,5,0,8,0,0,3,3,0,0,0,1,1,0,0,0,0,0
balli-durga-prasad-rao,Balli Durga Prasad Rao,YSRCP,Andhra Pradesh,Tirupati,Male,67 years,Graduate,79,11,46,46,0,https://prsindia.org/mptrack/17-lok-sabha/balli-durga-prasad-rao,1,1,3,1,0,3,0,1,3,0,3,0,1,1,5,2,0,0,0,0,0,0,0,3,2,0,1,1,0,0,1,0,3,3,1,0,1,0,0,0,0,0,0,0,0,0,0,1,1,0,0,0,3,0,0,0,0,0,0,0,0,0,0
maddila-gurumoorthy,Maddila Gurumoorthy,YSRCP,Andhra Pradesh,Tirupati,Male,38 years,Graduate,79,24,199,199,0,https://prsindia.org/mptrack/17-lok-sabha/maddila-gurumoorthy,11,5,6,8,6,9,3,6,8,6,4,5,2,7,2,5,4,5,3,1,3,4,7,6,6,3,3,4,2,7,5,2,0,0,0,4,4,1,1,3,5,1,4,6,3,4,2,2,0,0,0,0,0,0,1,0,0,0,0,0,0,0,0
kesineni-srinivas,Kesineni Srinivas,TDP,Andhra Pradesh,Vijayawada,Male,58 years,Matric,81,27,215,215,3,https://prsindia.org/mptrack/17-lok-sabha/kesineni-srinivas,22,5,7,15,5,5,5,8,10,1,19,6,5,5,7,4,4,4,4,3,2,2,1,4,5,5,5,3,2,4,3,1,2,5,1,1,5,1,1,1,2,2,0,3,1,1,1,0,2,3,0,0,1,0,0,0,0,0,0,0,0,0,1
mvv-satyanarayana,M.V.V. Satyanarayana,YSRCP,Andhra Pradesh,Visakhapatnam,Male,57 years,Graduate,63,6,228,228,0,https://prsindia.org/mptrack/17-lok-sabha/mvv-satyanarayana,13,6,3,11,11,3,2,3,4,19,10,8,4,20,2,8,3,5,4,3,5,5,10,4,2,7,3,2,5,4,2,1,0,0,1,5,2,2,2,2,5,0,5,3,2,2,0,0,4,0,0,0,0,0,0,0,0,1,0,0,0,0,0
bellana-chandra-sekhar,Bellana Chandra Sekhar,YSRCP,Andhra Pradesh,Vizianagaram,Male,62 years,Graduate,71,31,310,310,0,https://prsindia.org/mptrack/17-lok-sabha/bellana-chandra-sekhar,12,23,5,5,10,3,4,5,4,20,4,12,2,24,5,5,24,3,4,6,3,4,4,5,7,6,0,9,4,4,3,2,2,3,2,4,3,11,8,4,18,2,6,3,3,3,1,2,2,0,0,0,1,0,1,0,0,0,0,0,0,0,0
tapir-gao,Tapir Gao,BJP,Arunachal Pradesh,Arunachal East,Male,59 years,Post Graduate,93,42,102,102,0,https://prsindia.org/mptrack/17-lok-sabha/tapir-gao,8,2,1,5,1,3,2,3,7,4,3,1,1,4,3,1,2,1,1,1,9,1,2,0,1,2,2,2,3,0,0,2,0,1,6,0,1,1,2,0,3,0,0,1,0,0,0,0,0,0,2,2,0,4,1,0,0,0,0,0,0,0,0
kiren-rijiju,Kiren Rijiju,BJP,Arunachal Pradesh,Arunachal West,Male,52 years,Professional Graduate,N/A,0,0,0,0,https://prsindia.org/mptrack/17-lok-sabha/kiren-rijiju,0,0,0,0,0,0,0,0,0,0,0,0,0,0,0,0,0,0,0,0,0,0,0,0,0,0,0,0,0,0,0,0,0,0,0,0,0,0,0,0,0,0,0,0,0,0,0,0,0,0,0,0,0,0,0,0,0,0,0,0,0,0,0
horen-sing-bey,Horen Sing Bey,BJP,Assam,Autonomous District,Male,54 years,Graduate,78,3,6,6,0,https://prsindia.org/mptrack/17-lok-sabha/horen-sing-bey,0,0,0,0,1,0,0,0,0,0,3,0,0,0,0,0,0,0,0,0,0,0,0,0,0,0,0,0,0,0,0,0,0,0,0,0,0,0,0,1,0,0,0,0,0,0,0,0,0,0,0,0,0,1,0,0,0,0,0,0,0,0,0
abdul-khaleque,Abdul Khaleque,INC,Assam,Barpeta,Male,53 years,Post Graduate,91,68,279,279,8,https://prsindia.org/mptrack/17-lok-sabha/abdul-khaleque,12,13,14,8,6,12,20,14,7,2,27,10,5,2,3,3,6,3,5,7,0,4,0,6,2,2,4,3,4,0,3,8,2,2,1,8,3,1,2,0,3,0,12,4,1,0,3,0,2,2,0,4,1,12,0,0,0,1,0,0,0,0,0
badruddin-ajmal,Badruddin Ajmal,AIUDF,Assam,Dhubri,Male,68 years,Post Graduate,50,30,270,270,0,https://prsindia.org/mptrack/17-lok-sabha/badruddin-ajmal,28,10,10,12,13,5,13,13,6,3,5,8,8,5,12,5,2,5,6,5,2,12,3,3,0,4,2,3,0,3,4,4,3,3,2,0,1,1,0,3,4,2,9,1,3,2,0,3,1,6,0,1,2,8,0,1,0,0,0,0,0,0,0
rameswar-teli,Rameswar Teli,BJP,Assam,Dibrugarh,Male,53 years,Inter/ Higher Secondary,N/A,0,0,0,0,https://prsindia.org/mptrack/17-lok-sabha/rameswar-teli,0,0,0,0,0,0,0,0,0,0,0,0,0,0,0,0,0,0,0,0,0,0,0,0,0,0,0,0,0,0,0,0,0,0,0,0,0,0,0,0,0,0,0,0,0,0,0,0,0,0,0,0,0,0,0,0,0,0,0,0,0,0,0
queen-oja,Queen Oja,BJP,Assam,Gauhati,Female,73 years,Graduate,74,24,155,155,0,https://prsindia.org/mptrack/17-lok-sabha/queen-oja,10,4,11,5,5,5,7,4,3,2,6,3,4,4,3,4,2,7,3,3,4,0,3,4,3,7,0,5,2,5,1,1,0,1,1,1,1,2,1,1,0,0,2,1,0,2,1,1,2,0,1,1,3,3,0,0,0,0,0,0,0,0,0
topon-kumar-gogoi,Topon Kumar Gogoi,BJP,Assam,Jorhat,Male,54 years,Post Graduate,82,11,9,9,0,https://prsindia.org/mptrack/17-lok-sabha/topon-kumar-gogoi,0,0,1,0,1,1,0,0,1,0,1,0,0,0,1,1,0,0,0,0,0,0,0,0,0,0,0,1,0,0,0,0,0,0,1,0,0,0,0,0,0,0,0,0,0,0,0,0,0,0,0,0,0,0,0,0,0,0,0,0,0,0,0
gourav-gogoi,Gourav Gogoi,INC,Assam,Kaliabor,Male,41 years,Post Graduate,76,78,245,245,5,https://prsindia.org/mptrack/17-lok-sabha/gourav-gogoi,21,12,2,6,9,18,4,11,4,7,23,6,8,9,5,4,1,4,4,2,3,4,0,4,6,2,3,5,1,5,4,8,0,1,5,4,2,7,1,0,0,3,4,1,3,2,1,2,1,0,0,0,0,3,0,0,0,0,0,0,0,0,0
kripanath-mallah,Kripanath Mallah,BJP,Assam,Karimganj,Male,50 years,Graduate,72,10,287,287,0,https://prsindia.org/mptrack/17-lok-sabha/kripanath-mallah,19,15,17,6,10,7,10,10,8,10,3,9,13,12,13,10,9,9,3,2,10,3,5,3,4,3,5,1,1,5,10,1,2,0,1,4,0,2,1,5,0,0,1,8,2,3,2,0,0,0,0,4,0,6,0,0,0,0,0,0,0,0,0
naba-kumar-sarania-hira,Naba Kumar Sarania (Hira),I,Assam,Kokrajhar,Male,54 years,Inter/ Higher Secondary,80,39,213,213,0,https://prsindia.org/mptrack/17-lok-sabha/naba-kumar-sarania-hira,11,5,3,8,0,7,13,5,2,6,9,15,4,4,2,6,2,6,8,1,2,6,2,5,0,4,7,2,6,2,3,2,6,4,4,12,5,1,1,2,3,2,2,3,0,0,2,1,1,0,0,0,0,6,0,0,0,0,0,0,0,0,0
pradan-baruah,Pradan Baruah,BJP,Assam,Lakhimpur,Male,58 years,Diploma Course,85,0,15,15,0,https://prsindia.org/mptrack/17-lok-sabha/pradan-baruah,0,1,4,0,1,0,2,0,1,0,0,0,0,0,0,0,0,0,3,0,0,0,0,0,0,0,0,0,1,0,0,0,1,0,0,0,0,1,0,0,0,0,0,0,0,0,0,0,0,0,0,0,0,0,0,0,0,0,0,0,0,0,0
dilip-saikia,Dilip Saikia,BJP,Assam,Mangaldoi,Male,50 years,Graduate,81,42,354,354,3,https://prsindia.org/mptrack/17-lok-sabha/dilip-saikia,16,15,14,9,11,10,11,11,12,12,8,13,12,8,9,5,10,11,4,15,10,7,9,6,7,7,8,7,3,6,6,2,5,3,4,7,0,1,2,3,0,0,1,2,2,1,3,0,2,2,0,1,3,14,2,1,1,0,0,0,0,0,0
pradyut-bordoloi,Pradyut Bordoloi,INC,Assam,Nawgong,Male,64 years,Post Graduate,82,31,256,256,3,https://prsindia.org/mptrack/17-lok-sabha/pradyut-bordoloi,27,12,5,12,8,18,10,3,4,5,17,9,11,1,7,6,0,4,9,6,2,5,0,1,9,3,4,0,1,3,2,4,5,0,7,5,1,3,2,0,0,1,3,1,5,2,0,1,1,4,0,0,1,5,0,1,0,0,0,0,0,0,0
rajdeep-roy,Rajdeep Roy,BJP,Assam,Silchar,Male,53 years,Doctorate,86,36,40,40,0,https://prsindia.org/mptrack/17-lok-sabha/rajdeep-roy,2,1,6,0,0,1,0,0,6,0,3,2,0,0,2,3,0,0,1,0,0,0,1,2,0,0,0,1,0,0,0,1,1,3,1,0,0,0,0,0,0,0,0,0,1,0,0,0,0,0,0,0,1,1,0,0,0,0,0,0,0,0,0
pallab-lochan-das,Pallab Lochan Das,BJP,Assam,Tezpur,Male,45 years,Graduate,79,14,133,133,0,https://prsindia.org/mptrack/17-lok-sabha/pallab-lochan-das,9,3,4,5,4,3,6,3,3,2,4,7,8,1,2,4,5,1,4,3,7,0,1,3,1,2,1,0,2,2,1,0,5,2,1,2,2,3,0,2,0,1,1,3,1,1,0,0,0,1,0,0,0,7,0,0,0,0,0,0,0,0,0
pradeep-kumar-singh,Pradeep Kumar Singh,BJP,Bihar,Araria,Male,59 years,Matric,96,34,286,286,0,https://prsindia.org/mptrack/17-lok-sabha/pradeep-kumar-singh,15,14,16,2,7,11,8,9,7,6,5,6,9,8,10,7,16,3,4,4,4,4,2,5,5,5,6,10,1,4,4,1,5,4,4,9,3,5,2,2,2,4,5,1,2,1,3,3,0,1,6,4,0,1,1,0,0,0,0,0,0,0,0
raj-kumar-singh,Raj Kumar Singh,BJP,Bihar,Arrah,Male,71 years,Professional Graduate,N/A,0,0,0,0,https://prsindia.org/mptrack/17-lok-sabha/raj-kumar-singh,0,0,0,0,0,0,0,0,0,0,0,0,0,0,0,0,0,0,0,0,0,0,0,0,0,0,0,0,0,0,0,0,0,0,0,0,0,0,0,0,0,0,0,0,0,0,0,0,0,0,0,0,0,0,0,0,0,0,0,0,0,0,0
sushil-kumar-singh,Sushil Kumar Singh,BJP,Bihar,Aurangabad,Male,60 years,Post Graduate,95,87,204,204,5,https://prsindia.org/mptrack/17-lok-sabha/sushil-kumar-singh,22,10,3,12,10,14,6,2,4,7,8,10,4,3,6,8,2,1,3,0,2,7,3,0,1,2,2,1,0,5,1,2,1,2,7,0,2,7,1,1,0,1,0,1,0,0,3,0,6,4,3,4,0,0,0,0,0,0,0,0,0,0,0
giridhari-yadav,Giridhari Yadav,JD(U),Bihar,Banka,Male,62 years,Post Graduate,63,9,144,144,0,https://prsindia.org/mptrack/17-lok-sabha/giridhari-yadav,9,7,10,11,0,2,2,5,6,13,4,2,6,2,1,5,0,6,4,6,0,2,2,3,2,0,4,2,1,0,0,1,5,3,2,3,2,0,3,1,2,0,0,0,0,2,0,0,1,0,0,0,2,0,0,0,0,0,0,0,0,0,0
giriraj-singh,Giriraj Singh,BJP,Bihar,Begusarai,Male,71 years,Graduate,N/A,0,0,0,0,https://prsindia.org/mptrack/17-lok-sabha/giriraj-singh,0,0,0,0,0,0,0,0,0,0,0,0,0,0,0,0,0,0,0,0,0,0,0,0,0,0,0,0,0,0,0,0,0,0,0,0,0,0,0,0,0,0,0,0,0,0,0,0,0,0,0,0,0,0,0,0,0,0,0,0,0,0,0
ajay-kumar-mandal,Ajay Kumar Mandal,JD(U),Bihar,Bhagalpur,Male,53 years,Under Matric,34,25,226,226,0,https://prsindia.org/mptrack/17-lok-sabha/ajay-kumar-mandal,22,6,18,5,14,12,10,13,10,9,0,3,6,2,12,6,6,1,6,5,3,0,7,6,3,2,6,4,1,1,3,0,3,0,7,0,0,5,0,3,0,0,0,0,0,1,2,1,0,0,0,2,0,0,0,0,0,0,0,0,0,0,0
ashwini-kumar-choubey,Ashwini Kumar Choubey,BJP,Bihar,Buxar,Male,71 years,Graduate,N/A,0,0,0,0,https://prsindia.org/mptrack/17-lok-sabha/ashwini-kumar-choubey,0,0,0,0,0,0,0,0,0,0,0,0,0,0,0,0,0,0,0,0,0,0,0,0,0,0,0,0,0,0,0,0,0,0,0,0,0,0,0,0,0,0,0,0,0,0,0,0,0,0,0,0,0,0,0,0,0,0,0,0,0,0,0
gopal-jee-thakur,Gopal Jee Thakur,BJP,Bihar,Darbhanga,Male,54 years,Post Graduate,97,49,182,182,0,https://prsindia.org/mptrack/17-lok-sabha/gopal-jee-thakur,18,5,14,3,10,4,8,3,10,2,4,3,5,11,9,3,6,3,4,2,7,2,4,6,7,2,3,4,1,1,4,1,3,3,0,0,4,0,0,2,0,0,0,0,0,0,0,0,1,0,0,0,0,0,0,0,0,0,0,0,0,0,0
vijay-kumar,Vijay Kumar,JD(U),Bihar,Gaya,Male,38 years,Inter/ Higher Secondary,84,20,142,142,0,https://prsindia.org/mptrack/17-lok-sabha/vijay-kumar,10,8,7,2,5,3,7,5,4,3,1,4,9,4,4,4,7,1,1,4,0,5,1,2,0,3,6,3,2,0,1,0,3,2,2,1,2,3,2,2,1,1,1,0,1,2,0,0,2,0,0,0,0,0,1,0,0,0,0,0,0,0,0
alok-kumar-suman,Alok Kumar Suman,JD(U),Bihar,Gopalganj,Male,66 years,Professional Graduate,97,104,270,270,15,https://prsindia.org/mptrack/17-lok-sabha/alok-kumar-suman,22,10,22,4,10,7,9,6,11,5,3,4,14,9,11,4,10,2,11,1,3,2,6,2,1,5,5,2,7,1,11,5,3,8,0,1,1,0,7,6,1,2,0,1,2,0,4,1,0,3,0,3,0,0,2,0,0,0,0,0,0,0,0
pashu-pati-kumar-paras,Pashu Pati Kumar Paras,LJP,Bihar,Hajipur,Male,71 years,Professional Graduate,63,1,3,3,0,https://prsindia.org/mptrack/17-lok-sabha/pashu-pati-kumar-paras,0,1,0,1,0,0,0,0,0,0,0,0,0,0,0,0,0,1,0,0,0,0,0,0,0,0,0,0,0,0,0,0,0,0,0,0,0,0,0,0,0,0,0,0,0,0,0,0,0,0,0,0,0,0,0,0,0,0,0,0,0,0,0
chandeshwar-prasad,Chandeshwar Prasad,JD(U),Bihar,Jahanabad,Male,72 years,Matric,90,50,219,219,0,https://prsindia.org/mptrack/17-lok-sabha/chandeshwar-prasad,16,5,10,7,16,4,10,8,7,6,5,2,4,0,6,5,4,8,3,5,6,4,0,6,3,6,6,4,4,3,5,3,4,1,3,1,0,2,3,1,3,2,5,0,1,4,4,0,1,0,2,0,0,0,0,0,1,0,0,0,0,0,0
chirag-kumar-paswan,Chirag Kumar Paswan,LJP,Bihar,Jamui,Male,41 years,Professional Graduate,55,15,69,69,0,https://prsindia.org/mptrack/17-lok-sabha/chirag-kumar-paswan,2,1,5,2,3,4,0,2,2,2,3,1,0,1,1,2,3,2,3,2,3,0,1,3,1,0,1,2,1,2,0,0,3,2,2,2,0,0,0,3,0,0,0,0,0,0,0,2,0,0,0,0,0,0,0,0,0,0,0,0,0,0,0
rampreet-mandal,Rampreet Mandal,JD(U),Bihar,Jhanjharpur,Male,68 years,Matric,89,21,35,35,0,https://prsindia.org/mptrack/17-lok-sabha/rampreet-mandal,3,3,1,3,1,3,3,1,1,1,0,0,1,0,1,1,1,1,0,0,0,0,0,0,0,1,1,0,2,0,1,1,0,0,0,0,1,0,0,1,0,0,1,0,0,0,0,0,0,1,0,0,0,0,0,0,0,0,0,0,0,0,0
mahabali-singh,Mahabali Singh,JD(U),Bihar,Karakat,Male,68 years,Under Matric,98,45,226,226,0,https://prsindia.org/mptrack/17-lok-sabha/mahabali-singh,16,15,20,13,6,9,9,4,6,3,5,4,7,6,11,5,4,6,6,1,9,3,3,5,3,1,4,4,3,6,4,1,6,2,2,4,0,1,0,0,2,2,0,1,0,0,1,0,0,0,2,0,0,0,0,1,0,0,0,0,0,0,0
dulal-chandra-goswami,Dulal Chandra Goswami,JD(U),Bihar,Katihar,Male,56 years,Graduate,95,48,175,175,0,https://prsindia.org/mptrack/17-lok-sabha/dulal-chandra-goswami,5,10,8,4,0,5,8,5,6,3,4,2,9,7,3,3,3,5,6,2,9,4,4,7,1,2,4,6,0,4,5,1,5,0,3,1,1,1,1,0,1,0,2,2,2,3,1,0,4,0,2,1,0,0,0,0,0,0,0,0,0,0,0
mahboob-ali-kaiser,Mahboob Ali Kaiser,LJP,Bihar,Khagaria,Male,65 years,Graduate,85,12,8,8,0,https://prsindia.org/mptrack/17-lok-sabha/mahboob-ali-kaiser,2,1,1,0,0,0,0,0,1,0,0,0,0,0,0,0,0,0,0,0,0,0,0,1,0,0,0,1,0,0,0,0,0,0,0,0,0,0,0,1,0,0,0,0,0,0,0,0,0,0,0,0,0,0,0,0,0,0,0,0,0,0,0
mohammad-jawed,Mohammad Jawed,INC,Bihar,Kishanganj,Male,60 years,Professional Graduate,96,53,229,229,6,https://prsindia.org/mptrack/17-lok-sabha/mohammad-jawed,33,13,10,4,18,6,17,11,7,3,8,1,10,6,7,2,1,3,1,8,1,6,5,2,4,3,6,1,1,1,3,0,1,4,1,1,1,1,2,4,0,1,8,0,0,0,1,1,0,0,0,0,0,0,0,0,0,1,0,0,0,0,0
dinesh-chandra-yadav,Dinesh Chandra Yadav,JD(U),Bihar,Madhepura,Male,72 years,Diploma Course,83,35,128,128,0,https://prsindia.org/mptrack/17-lok-sabha/dinesh-chandra-yadav,14,7,10,20,2,1,5,6,5,4,2,3,1,3,4,2,1,5,3,1,5,2,2,0,3,0,0,1,1,1,1,1,0,0,2,1,1,2,2,0,0,0,0,0,0,0,2,0,0,1,0,1,0,0,0,0,0,0,0,0,0,0,0
ashok-kumar-yadav,Ashok Kumar Yadav,BJP,Bihar,Madhubani,Male,53 years,Doctorate,93,12,24,24,0,https://prsindia.org/mptrack/17-lok-sabha/ashok-kumar-yadav,2,1,1,1,1,0,2,1,0,0,3,1,0,0,4,0,0,0,0,0,0,0,0,1,0,1,0,2,0,0,1,0,1,0,0,0,0,0,0,1,0,0,0,0,0,0,0,0,0,0,0,0,0,0,0,0,0,0,0,0,0,0,0
janardan-singh-sigriwal,Janardan Singh Sigriwal,BJP,Bihar,Maharajganj,Male,65 years,Post Graduate,96,95,322,322,16,https://prsindia.org/mptrack/17-lok-sabha/janardan-singh-sigriwal,25,19,15,9,13,9,10,16,12,17,8,7,7,3,6,9,6,6,7,0,7,7,5,6,9,2,6,2,2,7,5,4,0,4,7,1,13,4,3,4,4,3,0,0,0,1,3,1,0,5,0,1,0,0,1,1,0,0,0,0,0,0,0
rajiv-ranjan-lalan-singh,Rajiv Ranjan (Lalan) Singh,JD(U),Bihar,Munger,Male,69 years,Graduate,91,37,239,239,0,https://prsindia.org/mptrack/17-lok-sabha/rajiv-ranjan-lalan-singh,26,19,12,35,6,4,6,6,9,8,2,5,1,10,5,9,3,6,5,2,5,5,2,2,1,2,0,2,2,1,1,4,0,5,3,1,1,5,4,1,0,0,0,0,2,0,3,0,0,3,1,4,0,0,0,0,0,0,0,0,0,0,0
ajay-nishad,Ajay Nishad,BJP,Bihar,Muzaffarpur,Male,57 years,Graduate,93,34,184,184,0,https://prsindia.org/mptrack/17-lok-sabha/ajay-nishad,15,12,5,5,7,8,2,5,2,1,2,9,6,8,5,4,3,3,4,3,5,5,3,5,2,8,1,2,1,3,3,1,6,4,4,2,0,5,2,1,1,0,3,0,1,1,0,0,5,0,0,1,0,0,0,0,0,0,0,0,0,0,0
kaushalendra-kumar,Kaushalendra Kumar,JD(U),Bihar,Nalanda,Male,65 years,Inter/ Higher Secondary,97,86,294,294,0,https://prsindia.org/mptrack/17-lok-sabha/kaushalendra-kumar,35,17,21,25,6,7,16,6,11,7,7,12,6,8,7,6,3,4,8,2,6,2,4,7,1,3,3,9,1,3,1,2,3,5,2,2,1,2,4,2,2,0,2,1,2,1,1,0,0,3,0,5,0,0,0,0,0,0,0,0,0,0,0
chandan-singh,Chandan Singh,LJP,Bihar,Nawada,Male,39 years,Graduate,81,7,65,65,0,https://prsindia.org/mptrack/17-lok-sabha/chandan-singh,3,1,0,1,3,5,2,1,1,1,2,3,7,1,3,1,3,1,1,1,0,1,4,0,2,2,1,2,0,1,0,0,3,0,3,0,0,1,1,0,2,0,0,0,0,0,0,0,1,0,0,0,0,0,0,0,0,0,0,0,0,0,0
sanjay-jaiswal,Sanjay Jaiswal,BJP,Bihar,Paschim Champaran,Male,58 years,Professional Post Graduate,78,94,195,195,9,https://prsindia.org/mptrack/17-lok-sabha/sanjay-jaiswal,22,8,12,10,6,4,4,9,3,6,6,3,1,4,2,4,5,3,3,2,6,5,0,2,1,5,5,7,1,1,2,1,4,2,2,4,4,1,7,2,1,2,0,1,2,4,0,1,1,0,1,3,0,0,0,0,0,0,0,0,0,0,0
ram-kripal-yadav,Ram Kripal Yadav,BJP,Bihar,Pataliputra,Male,66 years,Professional Graduate,90,76,126,126,0,https://prsindia.org/mptrack/17-lok-sabha/ram-kripal-yadav,10,5,5,6,2,3,5,5,5,4,2,3,1,5,3,1,3,1,3,4,4,3,5,6,3,2,0,2,2,2,2,0,0,0,2,0,1,3,1,1,0,0,0,1,1,1,1,1,0,0,3,1,0,0,1,0,0,0,0,0,1,0,0
ravi-shankar-prasad,Ravi Shankar Prasad,BJP,Bihar,Patna Sahib,Male,69 years,Post Graduate,74,5,0,0,0,https://prsindia.org/mptrack/17-lok-sabha/ravi-shankar-prasad,0,0,0,0,0,0,0,0,0,0,0,0,0,0,0,0,0,0,0,0,0,0,0,0,0,0,0,0,0,0,0,0,0,0,0,0,0,0,0,0,0,0,0,0,0,0,0,0,0,0,0,0,0,0,0,0,0,0,0,0,0,0,0
santosh-kumar,Santosh Kumar,JD(U),Bihar,Purnia,Male,48 years,Inter/ Higher Secondary,81,26,128,128,0,https://prsindia.org/mptrack/17-lok-sabha/santosh-kumar,14,11,9,12,7,2,6,1,9,3,1,1,1,6,5,1,4,3,2,2,4,1,0,1,1,4,0,0,1,1,0,0,0,1,3,0,0,1,0,2,0,3,0,0,0,0,0,1,0,0,1,2,1,0,0,0,0,0,0,0,0,0,0
radha-mohan-singh,Radha Mohan Singh,BJP,Bihar,Purvi Champaran,Male,74 years,Graduate,82,3,0,0,0,https://prsindia.org/mptrack/17-lok-sabha/radha-mohan-singh,0,0,0,0,0,0,0,0,0,0,0,0,0,0,0,0,0,0,0,0,0,0,0,0,0,0,0,0,0,0,0,0,0,0,0,0,0,0,0,0,0,0,0,0,0,0,0,0,0,0,0,0,0,0,0,0,0,0,0,0,0,0,0
prince-raj,Prince Raj,LJP,Bihar,Samastipur,Male,34 years,Post Graduate,87,25,15,15,0,https://prsindia.org/mptrack/17-lok-sabha/prince-raj,2,0,3,0,3,0,1,0,0,0,0,0,1,0,2,0,0,0,1,0,0,0,0,0,1,0,0,0,0,0,0,0,1,0,0,0,0,0,0,0,0,0,0,0,0,0,0,0,0,0,0,0,0,0,0,0,0,0,0,0,0,0,0
ram-chandra-paswan,Ram Chandra Paswan,LJP,Bihar,Samastipur,Male,62 years,Matric,76,2,0,0,0,https://prsindia.org/mptrack/17-lok-sabha/ram-chandra-paswan,0,0,0,0,0,0,0,0,0,0,0,0,0,0,0,0,0,0,0,0,0,0,0,0,0,0,0,0,0,0,0,0,0,0,0,0,0,0,0,0,0,0,0,0,0,0,0,0,0,0,0,0,0,0,0,0,0,0,0,0,0,0,0
rajiv-pratap-rudy,Rajiv Pratap Rudy,BJP,Bihar,Saran,Male,61 years,Post Graduate,98,77,261,261,7,https://prsindia.org/mptrack/17-lok-sabha/rajiv-pratap-rudy,20,23,7,9,14,22,10,7,6,4,6,7,2,14,3,5,4,9,1,4,6,2,5,11,7,1,5,2,6,4,0,4,5,4,3,0,2,0,1,3,2,0,0,3,1,4,1,0,0,1,0,0,1,0,0,0,0,0,0,0,0,0,0
chhedi-paswan,Chhedi Paswan,BJP,Bihar,Sasaram,Male,60 years,Post Graduate,87,33,26,26,0,https://prsindia.org/mptrack/17-lok-sabha/chhedi-paswan,3,1,4,0,2,0,0,0,2,0,0,1,1,0,0,1,1,2,1,0,0,0,0,0,0,0,0,2,0,0,0,0,0,0,0,0,0,0,1,0,0,0,1,0,0,0,0,0,0,0,3,0,0,0,0,0,0,0,0,0,0,0,0
rama-devi,Rama Devi,BJP,Bihar,Sheohar,Female,74 years,Professional Graduate,99,99,273,273,10,https://prsindia.org/mptrack/17-lok-sabha/rama-devi,24,16,5,8,7,11,11,15,8,14,9,5,14,0,9,13,5,8,8,6,3,4,3,5,7,2,7,6,1,2,2,0,6,4,5,2,1,3,1,1,1,0,0,0,0,1,3,0,2,0,0,2,2,0,0,0,1,0,0,0,0,0,0
sunil-kumar-pintu,Sunil Kumar Pintu,JD(U),Bihar,Sitamarhi,Male,62 years,Graduate,86,43,246,246,0,https://prsindia.org/mptrack/17-lok-sabha/sunil-kumar-pintu,19,10,13,9,9,9,11,10,13,6,2,2,7,3,10,10,4,3,7,6,2,4,5,7,5,5,11,4,6,2,3,1,2,2,1,2,3,3,2,3,2,1,0,0,0,2,3,1,0,0,0,1,0,0,0,0,0,0,0,0,0,0,0
kavita-singh,Kavita Singh,JD(U),Bihar,Siwan,Female,39 years,Post Graduate,89,13,10,10,0,https://prsindia.org/mptrack/17-lok-sabha/kavita-singh,1,0,1,2,1,0,2,0,0,0,0,0,0,0,0,1,0,0,0,0,0,0,1,0,0,0,0,0,0,0,0,0,1,0,0,0,0,0,0,0,0,0,0,0,0,0,0,0,0,0,0,0,0,0,0,0,0,0,0,0,0,0,0
dileshwar-kamait,Dileshwar Kamait,JD(U),Bihar,Supaul,Male,78 years,Graduate,99,56,304,304,4,https://prsindia.org/mptrack/17-lok-sabha/dileshwar-kamait,26,11,17,2,11,9,10,17,11,13,6,4,12,6,7,9,8,7,7,2,10,1,6,5,5,5,7,6,1,6,3,1,2,4,3,2,2,5,1,6,4,1,0,2,0,1,4,1,1,2,4,7,0,0,1,0,0,0,0,0,0,0,0
nityanand-rai,Nityanand Rai,BJP,Bihar,Ujiarpur,Male,58 years,Graduate,N/A,0,0,0,0,https://prsindia.org/mptrack/17-lok-sabha/nityanand-rai,0,0,0,0,0,0,0,0,0,0,0,0,0,0,0,0,0,0,0,0,0,0,0,0,0,0,0,0,0,0,0,0,0,0,0,0,0,0,0,0,0,0,0,0,0,0,0,0,0,0,0,0,0,0,0,0,0,0,0,0,0,0,0
veena-devi,Veena Devi,LJP,Bihar,Vaishali,Female,56 years,Matric,95,24,109,109,0,https://prsindia.org/mptrack/17-lok-sabha/veena-devi,9,8,6,2,6,2,4,3,4,3,2,2,4,2,2,3,3,2,1,2,2,3,2,1,1,3,1,7,0,0,1,2,1,0,2,1,0,3,0,2,1,3,0,1,0,0,0,0,1,0,0,1,0,0,0,0,0,0,0,0,0,0,0
baidyanath-prasad-mahto,Baidyanath Prasad Mahto,JD(U),Bihar,Valmiki Nagar,Male,76 years,Matric,65,3,10,10,0,https://prsindia.org/mptrack/17-lok-sabha/baidyanath-prasad-mahto,0,2,1,0,0,3,0,0,1,0,0,0,0,0,0,0,0,1,1,0,0,0,0,0,0,0,0,0,0,0,0,0,0,0,0,1,0,0,0,0,0,0,0,0,0,0,0,0,0,0,0,0,0,0,0,0,0,0,0,0,0,0,0
sunil-kumar,Sunil Kumar,JD(U),Bihar,Valmiki Nagar,Male,39 years,Graduate,91,18,53,53,0,https://prsindia.org/mptrack/17-lok-sabha/sunil-kumar,4,1,7,0,1,2,4,1,3,0,0,0,1,2,1,1,3,2,1,1,1,0,1,3,0,0,1,3,1,0,1,1,2,0,0,0,0,0,0,0,0,0,1,0,0,0,2,0,1,0,0,0,0,0,0,0,0,0,0,0,0,0,0
kirron-anupam-kher,Kirron Anupam Kher,BJP,Chandigarh,Chandigarh,Female,71 years,Post Graduate,47,9,106,106,0,https://prsindia.org/mptrack/17-lok-sabha/kirron-anupam-kher,11,2,10,4,2,2,2,1,3,5,1,2,0,8,2,2,0,2,3,2,1,1,0,2,1,0,2,3,1,0,0,3,2,5,1,2,2,0,2,5,1,3,0,0,2,0,1,0,2,0,0,0,0,0,0,0,0,0,0,0,0,0,0
deepak-baij,Deepak Baij,INC,Chhattisgarh,Bastar,Male,42 years,Information Not Available,85,37,301,301,0,https://prsindia.org/mptrack/17-lok-sabha/deepak-baij,29,18,23,24,7,12,7,9,10,4,21,4,13,11,6,11,0,0,14,2,5,9,3,2,2,2,5,0,3,1,0,10,2,6,1,4,1,6,4,0,0,0,4,0,0,0,0,1,2,3,0,0,0,0,0,0,0,0,0,0,0,0,0
arun-sao,Arun Sao,BJP,Chhattisgarh,Bilaspur,Male,55 years,Professional Graduate,88,38,372,372,0,https://prsindia.org/mptrack/17-lok-sabha/arun-sao,27,20,13,10,18,8,13,10,12,7,2,10,10,8,12,7,19,6,5,9,7,1,12,5,13,8,5,4,2,8,10,5,5,5,5,7,3,10,0,2,2,3,0,2,1,4,4,1,4,2,2,3,0,0,1,0,0,0,0,0,0,0,0
vijay-baghel,Vijay Baghel,BJP,Chhattisgarh,Durg,Male,64 years,Graduate,86,27,277,277,0,https://prsindia.org/mptrack/17-lok-sabha/vijay-baghel,21,11,9,8,13,8,16,13,6,5,1,5,9,2,11,7,6,6,3,7,5,1,5,2,15,6,3,3,1,6,7,5,2,3,2,5,3,3,1,1,2,2,2,1,1,2,6,1,4,2,5,2,0,0,1,0,0,0,0,0,0,0,0
guharam-ajgalley,Guharam Ajgalley,BJP,Chhattisgarh,Janjgir-Champa,Male,56 years,Professional Graduate,96,7,4,4,0,https://prsindia.org/mptrack/17-lok-sabha/guharam-ajgalley,0,1,0,0,0,0,0,0,0,0,0,0,0,0,0,0,0,0,0,0,0,0,0,0,0,2,0,0,0,0,0,0,0,0,0,0,0,0,0,0,0,0,0,0,0,0,0,1,0,0,0,0,0,0,0,0,0,0,0,0,0,0,0
mohan-mandavi,Mohan Mandavi,BJP,Chhattisgarh,Kanker,Male,66 years,Post Graduate,100,29,101,101,0,https://prsindia.org/mptrack/17-lok-sabha/mohan-mandavi,5,5,3,1,7,4,5,2,1,1,0,3,4,3,5,1,5,3,2,4,2,0,2,0,3,3,1,1,1,2,4,1,1,1,1,3,1,2,0,1,0,1,0,1,0,1,1,0,0,1,1,0,0,0,1,0,0,0,0,0,0,0,0
jyotsna-charandas-mahant,Jyotsna Charandas Mahant,INC,Chhattisgarh,Korba,Female,70 years,Information Not Available,71,7,116,116,0,https://prsindia.org/mptrack/17-lok-sabha/jyotsna-charandas-mahant,14,6,6,6,5,9,4,4,3,5,1,2,3,3,3,4,3,1,2,4,1,2,0,0,1,5,3,1,0,3,1,0,0,0,1,2,3,0,1,0,0,0,1,0,0,0,0,1,1,0,0,1,0,0,0,0,0,0,0,0,0,0,0
chunni-lal-sahu,Chunni Lal Sahu,BJP,Chhattisgarh,Mahasamund,Male,55 years,Graduate,89,40,128,128,0,https://prsindia.org/mptrack/17-lok-sabha/chunni-lal-sahu,6,10,6,1,5,8,8,6,4,0,1,3,1,3,5,1,3,4,5,2,0,3,0,1,1,2,2,2,1,2,6,0,2,1,0,5,0,2,0,1,3,1,1,1,0,3,3,0,1,0,2,0,0,0,0,0,0,0,0,0,0,0,0
gomati-sai,Gomati Sai,BJP,Chhattisgarh,Raigarh,Female,45 years,Inter/ Higher Secondary,93,14,108,108,0,https://prsindia.org/mptrack/17-lok-sabha/gomati-sai,9,4,6,3,4,10,4,2,4,0,2,1,2,0,4,1,4,1,2,2,1,0,2,2,1,1,1,3,0,0,5,2,0,1,4,2,1,7,0,2,0,0,2,1,3,0,1,1,0,0,0,0,0,0,0,0,0,0,0,0,0,0,0
sunil-kumar-soni,Sunil Kumar Soni,BJP,Chhattisgarh,Raipur,Male,62 years,Information Not Available,96,29,158,158,0,https://prsindia.org/mptrack/17-lok-sabha/sunil-kumar-soni,14,8,8,3,6,6,7,5,4,3,0,2,3,2,10,6,4,2,1,5,4,0,4,4,4,4,2,1,1,3,5,1,1,2,2,3,0,2,0,0,3,3,1,0,0,1,2,1,1,1,2,1,0,0,0,0,0,0,0,0,0,0,0
santosh-pandey,Santosh Pandey,BJP,Chhattisgarh,Rajnandgaon,Male,56 years,Information Not Available,80,41,106,106,0,https://prsindia.org/mptrack/17-lok-sabha/santosh-pandey,8,2,6,6,0,6,4,6,7,4,3,0,2,0,6,2,0,2,4,1,2,0,2,4,0,1,2,0,1,2,1,0,1,1,1,5,3,0,2,0,2,0,1,0,0,0,1,2,0,1,2,0,0,0,0,0,0,0,0,0,0,0,0
renuka-singh-saruta,Renuka Singh Saruta,BJP,Chhattisgarh,Surguja,Female,60 years,Inter/ Higher Secondary,N/A,0,0,0,0,https://prsindia.org/mptrack/17-lok-sabha/renuka-singh-saruta,0,0,0,0,0,0,0,0,0,0,0,0,0,0,0,0,0,0,0,0,0,0,0,0,0,0,0,0,0,0,0,0,0,0,0,0,0,0,0,0,0,0,0,0,0,0,0,0,0,0,0,0,0,0,0,0,0,0,0,0,0,0,0
kalaben-mohanbhai-delkar,Kalaben Mohanbhai Delkar,SS,Dadra and Nagar Haveli,Dadra and Nagar Haveli,Female,52 years,Information Not Available,67,12,141,141,0,https://prsindia.org/mptrack/17-lok-sabha/kalaben-mohanbhai-delkar,5,7,1,2,5,5,3,9,7,7,5,1,6,0,6,6,3,4,6,5,2,6,0,2,4,0,1,3,1,4,6,0,2,0,2,3,1,0,0,1,0,0,0,1,1,0,4,0,0,3,0,1,0,0,0,0,0,0,0,0,0,0,0
mohanbhai-delkar,Mohanbhai Delkar,I,Dadra and Nagar Haveli,Dadra and Nagar Haveli,Male,61 years,Graduate,87,24,14,14,0,https://prsindia.org/mptrack/17-lok-sabha/mohanbhai-delkar,2,0,0,0,0,2,1,0,1,0,0,0,0,0,0,1,1,1,0,0,0,0,0,0,0,1,0,0,0,0,0,0,1,0,0,2,0,0,0,0,0,0,0,0,0,0,1,0,0,0,0,0,0,0,0,0,0,0,0,0,0,0,0
lalubhai-babubhai-patel,Lalubhai Babubhai Patel,BJP,Daman and Diu,Daman and Diu,Male,68 years,Matric,85,7,3,3,0,https://prsindia.org/mptrack/17-lok-sabha/lalubhai-babubhai-patel,1,0,0,0,0,0,0,0,0,0,1,0,0,0,0,0,0,0,0,0,0,0,0,0,0,0,0,0,0,0,0,0,0,0,0,0,0,0,0,0,0,0,0,0,0,0,0,0,0,1,0,0,0,0,0,0,0,0,0,0,0,0,0
harsh-vardhan,Harsh Vardhan,BJP,Delhi,Chandni Chowk,Male,69 years,Professional Graduate,96,0,0,0,0,https://prsindia.org/mptrack/17-lok-sabha/harsh-vardhan,0,0,0,0,0,0,0,0,0,0,0,0,0,0,0,0,0,0,0,0,0,0,0,0,0,0,0,0,0,0,0,0,0,0,0,0,0,0,0,0,0,0,0,0,0,0,0,0,0,0,0,0,0,0,0,0,0,0,0,0,0,0,0
gautam-gambhir,Gautam Gambhir,BJP,Delhi,East Delhi,Male,42 years,Inter/ Higher Secondary,61,3,97,97,1,https://prsindia.org/mptrack/17-lok-sabha/gautam-gambhir,2,2,2,1,2,6,5,2,2,2,3,3,4,4,0,4,3,2,0,2,2,3,2,5,1,1,1,3,0,1,0,2,4,3,1,1,4,2,1,1,2,0,1,1,1,0,0,0,2,0,0,0,1,0,0,0,0,0,0,0,0,0,0
meenakashi-lekhi,Meenakashi Lekhi,BJP,Delhi,New Delhi,Female,56 years,Professional Graduate,89,51,133,133,0,https://prsindia.org/mptrack/17-lok-sabha/meenakashi-lekhi,11,10,2,4,0,9,2,5,4,6,5,3,2,1,3,3,2,0,6,1,0,4,3,3,2,0,3,1,2,7,1,2,3,5,0,2,1,2,2,1,2,1,3,0,0,0,0,1,0,1,0,0,0,2,0,0,0,0,0,0,0,0,0
manoj-tiwari,Manoj Tiwari,BJP,Delhi,North East Delhi,Male,53 years,Professional Post Graduate,85,37,395,395,0,https://prsindia.org/mptrack/17-lok-sabha/manoj-tiwari,20,18,15,8,14,20,17,9,6,10,3,7,14,15,9,7,12,6,9,13,9,3,7,5,16,8,3,9,6,6,12,5,4,3,3,4,3,4,3,10,9,0,1,4,5,4,2,5,3,1,4,0,1,0,0,0,0,0,0,0,1,0,0
hans-raj-hans,Hans Raj Hans,BJP,Delhi,North West Delhi,Male,61 years,Information Not Available,39,4,15,15,0,https://prsindia.org/mptrack/17-lok-sabha/hans-raj-hans,2,1,0,0,0,0,0,0,0,3,1,1,0,1,0,0,0,1,0,0,0,1,0,1,0,1,0,0,0,0,0,0,0,1,0,0,0,0,0,0,0,0,0,0,1,0,0,0,0,0,0,0,0,0,0,0,0,0,0,0,0,0,0
ramesh-bidhuri,Ramesh Bidhuri,BJP,Delhi,South Delhi,Male,62 years,Professional Graduate,94,74,188,188,2,https://prsindia.org/mptrack/17-lok-sabha/ramesh-bidhuri,15,8,5,3,7,8,9,6,6,6,3,6,9,5,7,4,5,5,1,2,5,0,3,7,1,3,4,1,2,2,4,2,4,0,2,2,4,1,5,1,0,0,0,4,2,1,3,0,1,0,2,1,0,0,0,0,1,0,0,0,0,0,0
parvesh-sahib-singh-verma,Parvesh Sahib Singh Verma,BJP,Delhi,West Delhi,Male,46 years,Professional Post Graduate,95,47,269,269,12,https://prsindia.org/mptrack/17-lok-sabha/parvesh-sahib-singh-verma,20,9,3,7,7,12,6,9,9,17,15,3,11,3,4,5,5,2,3,5,6,2,4,4,9,4,5,5,8,2,3,2,4,3,4,4,1,1,12,2,2,5,0,2,4,5,2,0,2,2,1,2,2,0,0,0,0,0,0,0,0,0,0
shripad-yesso-naik,Shripad Yesso Naik,BJP,Goa,North Goa,Male,71 years,Graduate,N/A,0,0,0,0,https://prsindia.org/mptrack/17-lok-sabha/shripad-yesso-naik,0,0,0,0,0,0,0,0,0,0,0,0,0,0,0,0,0,0,0,0,0,0,0,0,0,0,0,0,0,0,0,0,0,0,0,0,0,0,0,0,0,0,0,0,0,0,0,0,0,0,0,0,0,0,0,0,0,0,0,0,0,0,0
francisco-sardinha,Francisco Sardinha,INC,Goa,South Goa,Male,77 years,Professional Graduate,94,14,87,87,0,https://prsindia.org/mptrack/17-lok-sabha/francisco-sardinha,6,3,1,4,3,4,3,0,2,5,3,0,0,1,4,1,0,2,1,0,3,3,1,5,0,1,3,0,1,0,0,3,1,3,2,1,0,2,1,0,1,2,1,4,0,2,0,0,1,0,0,0,1,1,0,0,0,0,0,1,0,0,0
patel-hasmukhbhai-somabhai,Patel Hasmukhbhai Somabhai,BJP,Gujarat,Ahmedabad East,Male,63 years,Diploma Course,93,20,147,147,1,https://prsindia.org/mptrack/17-lok-sabha/patel-hasmukhbhai-somabhai,4,8,4,1,6,3,5,3,3,6,0,2,4,1,3,2,8,1,3,8,11,0,4,2,4,0,0,2,1,5,10,1,0,1,0,2,2,2,2,7,1,2,0,5,0,0,3,2,1,0,0,1,1,0,0,0,0,0,0,0,0,0,0
kirit-premjibhai-solanki,Kirit Premjibhai Solanki,BJP,Gujarat,Ahmedabad West,Male,73 years,Professional Post Graduate,95,102,225,225,11,https://prsindia.org/mptrack/17-lok-sabha/kirit-premjibhai-solanki,21,16,10,8,4,16,1,6,1,8,7,5,3,4,4,4,1,3,7,2,2,3,0,0,5,3,6,4,2,7,4,4,8,6,5,6,4,1,0,3,2,3,1,1,2,1,2,1,1,3,1,1,1,0,1,0,0,0,0,0,0,0,0
naranbhai-kachhadia,Naranbhai Kachhadia,BJP,Gujarat,Amreli,Male,68 years,Under Matric,89,84,471,471,4,https://prsindia.org/mptrack/17-lok-sabha/naranbhai-kachhadia,17,28,16,10,14,14,11,14,7,13,4,14,12,17,13,15,21,6,10,9,12,14,14,8,14,11,11,13,3,5,12,4,8,5,8,9,7,6,1,9,3,4,3,2,0,5,5,1,2,0,0,1,2,2,0,1,1,0,0,0,0,0,0
mitesh-rameshbhai-patel,Mitesh Rameshbhai Patel,BJP,Gujarat,Anand,Male,58 years,Diploma Course,92,40,212,212,0,https://prsindia.org/mptrack/17-lok-sabha/mitesh-rameshbhai-patel,10,14,8,5,6,10,11,9,2,6,0,9,5,3,1,8,8,1,1,3,7,3,1,4,8,8,7,3,2,3,3,1,7,3,3,1,5,2,0,9,5,1,0,1,0,2,2,1,0,0,0,0,0,0,0,0,0,0,0,0,0,0,0
parbhatbhai-savabhai-patel,Parbhatbhai Savabhai Patel,BJP,Gujarat,Banaskantha,Male,75 years,Professional Graduate,93,55,360,360,0,https://prsindia.org/mptrack/17-lok-sabha/parbhatbhai-savabhai-patel,12,28,15,10,15,14,5,6,3,12,4,16,8,11,10,13,21,5,9,5,11,6,6,7,9,6,7,10,0,4,8,1,4,2,8,6,8,5,0,8,2,3,3,2,0,3,2,1,0,0,0,1,2,2,1,0,0,0,0,0,0,0,0
vasava-parbhubhai-nagarbhai,Vasava Parbhubhai Nagarbhai,BJP,Gujarat,Bardoli,Male,53 years,Diploma Course,81,22,99,99,0,https://prsindia.org/mptrack/17-lok-sabha/vasava-parbhubhai-nagarbhai,9,7,7,2,4,8,2,1,6,1,3,1,4,2,1,3,3,0,2,0,2,0,2,0,1,1,2,0,1,0,0,2,0,6,2,2,1,2,3,1,0,3,0,0,1,1,0,0,0,0,0,0,0,0,0,0,0,0,0,0,0,0,0
mansukhbhai-d-vasava,Mansukhbhai D. Vasava,BJP,Gujarat,Bharuch,Male,66 years,Post Graduate,82,46,128,128,0,https://prsindia.org/mptrack/17-lok-sabha/mansukhbhai-d-vasava,12,14,9,0,5,3,5,8,10,1,2,2,7,1,3,1,3,3,4,4,1,4,2,0,1,0,1,1,0,1,1,2,0,2,5,6,0,0,0,0,0,0,0,0,0,0,0,1,0,0,0,3,0,0,0,0,0,0,0,0,0,0,0
bharatiben-dhirubhai-shiyal,Bharatiben Dhirubhai Shiyal,BJP,Gujarat,Bhavnagar,Female,59 years,Professional Graduate,77,34,339,339,0,https://prsindia.org/mptrack/17-lok-sabha/bharatiben-dhirubhai-shiyal,25,22,22,13,14,21,9,11,11,5,6,4,9,9,2,9,14,25,15,4,8,2,6,0,4,8,2,4,4,10,2,1,1,3,4,1,4,3,1,3,1,1,1,2,1,2,2,1,2,0,1,0,2,0,1,0,1,0,0,0,0,0,0
rathva-gitaben-vajesingbhai,Rathva Gitaben Vajesingbhai,BJP,Gujarat,Chhota Udaipur,Female,51 years,Inter/ Higher Secondary,93,29,190,190,0,https://prsindia.org/mptrack/17-lok-sabha/rathva-gitaben-vajesingbhai,6,6,5,2,4,8,5,7,4,5,0,4,6,4,5,5,7,1,3,5,5,7,2,3,5,6,2,7,1,2,3,3,3,5,6,5,1,4,2,7,2,3,2,0,2,2,0,1,0,1,0,2,2,2,0,0,0,0,0,0,0,0,0
jasvantsinh-sumanbhai-bhabhor,Jasvantsinh Sumanbhai Bhabhor,BJP,Gujarat,Dahod,Male,57 years,Graduate,88,18,294,294,0,https://prsindia.org/mptrack/17-lok-sabha/jasvantsinh-sumanbhai-bhabhor,9,18,14,6,10,8,12,9,4,8,0,5,4,9,9,9,14,11,4,5,10,4,6,3,3,8,4,11,4,1,4,2,7,4,4,17,2,4,0,6,1,6,2,3,0,5,0,2,1,0,0,0,0,2,0,0,0,0,0,0,0,0,0
amit-anil-chandra-shah,Amit Anil Chandra Shah,BJP,Gujarat,Gandhinagar,Male,59 years,Professional Graduate,N/A,0,0,0,0,https://prsindia.org/mptrack/17-lok-sabha/amit-anil-chandra-shah,0,0,0,0,0,0,0,0,0,0,0,0,0,0,0,0,0,0,0,0,0,0,0,0,0,0,0,0,0,0,0,0,0,0,0,0,0,0,0,0,0,0,0,0,0,0,0,0,0,0,0,0,0,0,0,0,0,0,0,0,0,0,0
poonamben-hematbhai-maadam,Poonamben Hematbhai Maadam,BJP,Gujarat,Jamnagar,Female,49 years,Graduate,85,27,289,289,2,https://prsindia.org/mptrack/17-lok-sabha/poonamben-hematbhai-maadam,16,19,11,14,8,7,14,13,3,7,4,7,6,8,5,10,10,5,5,8,7,4,8,9,4,5,5,9,2,5,6,1,5,4,1,0,3,0,4,4,4,1,1,2,2,2,0,0,1,1,2,3,1,0,2,0,1,0,0,0,0,0,0
chudasama-rajeshbhai-naranbhai,Chudasama Rajeshbhai Naranbhai,BJP,Gujarat,Junagadh,Male,41 years,Inter/ Higher Secondary,78,9,364,364,0,https://prsindia.org/mptrack/17-lok-sabha/chudasama-rajeshbhai-naranbhai,20,24,19,5,14,13,12,16,8,14,4,8,9,5,9,15,15,8,4,10,13,5,4,4,7,6,11,8,2,9,5,4,5,7,5,11,2,4,0,3,2,2,2,1,3,4,2,0,0,0,0,0,0,0,0,1,0,0,0,0,0,0,0
chavda-vinod-lakhamashi,Chavda Vinod Lakhamashi,BJP,Gujarat,Kachchh,Male,44 years,Professional Graduate,73,15,103,103,0,https://prsindia.org/mptrack/17-lok-sabha/chavda-vinod-lakhamashi,6,4,4,2,6,4,4,3,5,2,0,4,0,3,2,2,3,1,4,2,4,1,1,4,6,3,4,4,2,1,0,1,0,1,0,0,1,1,0,1,2,1,0,0,0,1,1,0,0,0,0,1,0,0,0,0,1,0,0,0,0,0,0
chauhan-devusinh-jesingbhai,Chauhan Devusinh Jesingbhai,BJP,Gujarat,Kheda,Male,59 years,Inter/ Higher Secondary,84,14,88,88,0,https://prsindia.org/mptrack/17-lok-sabha/chauhan-devusinh-jesingbhai,8,7,2,1,0,5,1,0,6,3,0,4,2,1,1,3,2,5,5,1,3,0,0,1,0,0,2,5,2,2,1,1,0,3,0,0,6,1,1,1,0,0,0,0,1,0,0,1,0,0,0,0,0,0,0,0,0,0,0,0,0,0,0
shardaben-anilbhai-patel,Shardaben Anilbhai Patel,BJP,Gujarat,Mahesana,Female,75 years,Under Graduate,95,31,215,215,0,https://prsindia.org/mptrack/17-lok-sabha/shardaben-anilbhai-patel,13,13,6,6,6,12,10,9,4,5,1,7,3,3,2,9,7,3,0,3,4,3,3,3,7,8,8,4,1,2,2,1,8,4,2,2,4,3,3,6,5,2,0,2,0,2,1,1,1,0,0,1,0,0,0,0,0,0,0,0,0,0,0
c-r-patil,C. R. Patil,BJP,Gujarat,Navsari,Male,68 years,Certificate Course,74,2,124,124,0,https://prsindia.org/mptrack/17-lok-sabha/c-r-patil,8,3,3,1,3,2,1,7,3,8,0,3,0,3,3,4,4,4,1,6,5,2,4,3,2,5,1,3,2,5,2,2,3,0,1,2,1,1,0,1,0,2,0,5,0,0,2,1,0,0,1,0,0,0,0,0,1,0,0,0,0,0,0
ratansinh-magansinh-rathod,Ratansinh Magansinh Rathod,BJP,Gujarat,Panchmahal,Male,64 years,Post Graduate,96,16,115,115,0,https://prsindia.org/mptrack/17-lok-sabha/ratansinh-magansinh-rathod,11,8,1,0,8,3,4,5,1,3,2,1,3,4,4,2,4,3,1,4,3,0,6,2,0,2,4,4,0,4,2,0,2,1,0,2,0,2,0,5,0,0,0,0,1,0,0,0,0,0,1,0,1,0,1,0,0,0,0,0,0,0,0
dabhi-bharatsinhji-shankarji,Dabhi Bharatsinhji Shankarji,BJP,Gujarat,Patan,Male,68 years,Graduate,89,6,6,6,0,https://prsindia.org/mptrack/17-lok-sabha/dabhi-bharatsinhji-shankarji,0,0,4,0,0,0,0,0,0,0,0,0,0,0,0,0,0,0,0,0,0,0,0,0,0,0,0,0,0,0,0,0,0,0,0,0,0,0,0,0,0,0,0,0,0,0,0,0,0,0,0,0,2,0,0,0,0,0,0,0,0,0,0
rameshbhai-lavjibhai-dhaduk,Rameshbhai Lavjibhai Dhaduk,BJP,Gujarat,Porbandar,Male,61 years,Matric,76,7,36,36,0,https://prsindia.org/mptrack/17-lok-sabha/rameshbhai-lavjibhai-dhaduk,5,1,9,3,0,1,3,0,4,0,0,0,0,2,1,0,0,0,1,0,0,0,4,0,0,0,0,0,0,0,0,0,1,1,0,0,0,0,0,0,0,0,0,0,0,0,0,0,0,0,0,0,0,0,0,0,0,0,0,0,0,0,0
mohanbhai-kalyanjibhai-kundariya,Mohanbhai Kalyanjibhai Kundariya,BJP,Gujarat,Rajkot,Male,72 years,Matric,87,38,380,380,0,https://prsindia.org/mptrack/17-lok-sabha/mohanbhai-kalyanjibhai-kundariya,20,23,38,15,11,9,10,7,7,11,11,7,8,15,11,4,13,2,6,7,7,13,13,5,4,5,3,6,2,8,6,8,5,10,5,6,3,1,6,1,5,1,0,6,2,1,1,1,2,0,6,0,2,0,1,0,0,0,0,0,0,0,0
rathod-dipsinh-shankarsinh,Rathod Dipsinh Shankarsinh,BJP,Gujarat,Sabarkantha,Male,71 years,Under Matric,94,9,243,243,0,https://prsindia.org/mptrack/17-lok-sabha/rathod-dipsinh-shankarsinh,18,13,19,7,17,4,8,2,6,6,3,1,6,9,7,4,12,3,4,7,4,5,6,4,3,2,2,6,1,5,2,5,3,2,4,3,2,1,4,1,3,1,1,4,2,2,0,0,0,1,5,0,2,0,1,0,0,0,0,0,0,0,0
darshana-vikram-jardosh,Darshana Vikram Jardosh,BJP,Gujarat,Surat,Female,63 years,Graduate,89,32,64,64,0,https://prsindia.org/mptrack/17-lok-sabha/darshana-vikram-jardosh,7,3,6,2,1,2,3,1,3,1,2,0,3,2,0,1,1,0,6,2,2,1,2,1,0,1,1,0,2,0,1,2,0,1,0,0,0,0,2,0,0,0,0,1,0,0,0,0,0,0,0,0,1,0,0,0,0,0,0,0,0,0,0
mahendrabhai-munjapara,Mahendrabhai Munjapara,BJP,Gujarat,Surendranagar,Male,55 years,Doctorate,95,13,17,17,0,https://prsindia.org/mptrack/17-lok-sabha/mahendrabhai-munjapara,4,1,1,0,0,0,2,0,1,0,1,0,0,0,0,0,0,0,0,1,0,0,1,0,0,1,0,0,0,1,0,0,0,2,0,0,1,0,0,0,0,0,0,0,0,0,0,0,0,0,0,0,0,0,0,0,0,0,0,0,0,0,0
ranjanben-bhatt,Ranjanben Bhatt,BJP,Gujarat,Vadodara,Female,62 years,Inter/ Higher Secondary,88,36,271,271,0,https://prsindia.org/mptrack/17-lok-sabha/ranjanben-bhatt,24,18,16,17,10,12,13,5,17,8,24,10,5,4,2,4,2,6,3,0,7,5,0,3,6,2,3,1,6,2,2,1,2,6,4,2,1,1,5,0,1,3,0,1,0,3,0,1,2,0,0,1,0,0,0,0,0,0,0,0,0,0,0
kc-patel,K.C. Patel,BJP,Gujarat,Valsad,Male,75 years,Professional Graduate,88,5,0,0,0,https://prsindia.org/mptrack/17-lok-sabha/kc-patel,0,0,0,0,0,0,0,0,0,0,0,0,0,0,0,0,0,0,0,0,0,0,0,0,0,0,0,0,0,0,0,0,0,0,0,0,0,0,0,0,0,0,0,0,0,0,0,0,0,0,0,0,0,0,0,0,0,0,0,0,0,0,0
rattan-lal-kataria,Rattan Lal Kataria,BJP,Haryana,Ambala,Male,72 years,Post Graduate,99,30,87,87,0,https://prsindia.org/mptrack/17-lok-sabha/rattan-lal-kataria,5,2,4,5,5,5,3,5,2,2,3,7,4,0,2,3,0,1,1,1,0,1,3,1,1,1,1,0,8,1,2,1,0,0,0,0,0,1,0,1,0,0,2,0,0,1,0,0,0,0,1,1,0,0,0,0,0,0,0,0,0,0,0
dharambir,Dharambir,BJP,Haryana,Bhiwani-Mahendragarh,Male,68 years,Graduate,96,43,215,215,0,https://prsindia.org/mptrack/17-lok-sabha/dharambir,20,20,8,11,7,5,10,5,10,4,1,13,6,0,6,7,1,6,1,1,9,3,1,5,2,7,0,1,0,1,4,0,4,3,2,0,2,0,3,5,6,0,6,0,2,1,3,0,2,1,0,0,0,0,0,0,0,0,0,0,0,0,0
krishan-pal,Krishan Pal,BJP,Haryana,Faridabad,Male,67 years,Professional Graduate,N/A,0,0,0,0,https://prsindia.org/mptrack/17-lok-sabha/krishan-pal,0,0,0,0,0,0,0,0,0,0,0,0,0,0,0,0,0,0,0,0,0,0,0,0,0,0,0,0,0,0,0,0,0,0,0,0,0,0,0,0,0,0,0,0,0,0,0,0,0,0,0,0,0,0,0,0,0,0,0,0,0,0,0
inderjit-singh-rao,Inderjit Singh Rao,BJP,Haryana,Gurgaon,Male,74 years,Professional Graduate,N/A,0,0,0,0,https://prsindia.org/mptrack/17-lok-sabha/inderjit-singh-rao,0,0,0,0,0,0,0,0,0,0,0,0,0,0,0,0,0,0,0,0,0,0,0,0,0,0,0,0,0,0,0,0,0,0,0,0,0,0,0,0,0,0,0,0,0,0,0,0,0,0,0,0,0,0,0,0,0,0,0,0,0,0,0
brijendra-singh,Brijendra Singh,BJP,Haryana,Hisar,Male,51 years,Professional Graduate,99,25,162,162,0,https://prsindia.org/mptrack/17-lok-sabha/brijendra-singh,11,13,3,2,6,11,3,6,5,2,1,2,6,7,1,1,1,2,5,4,8,1,8,1,3,2,0,6,1,9,3,2,2,1,2,0,1,0,1,1,2,1,0,3,2,3,0,1,4,0,0,1,0,0,1,0,0,0,0,0,0,0,0
sanjay-bhatia,Sanjay Bhatia,BJP,Haryana,Karnal,Male,56 years,Graduate,80,15,194,194,3,https://prsindia.org/mptrack/17-lok-sabha/sanjay-bhatia,12,12,16,2,6,9,3,7,13,6,3,4,9,4,4,3,8,1,1,9,4,6,2,4,1,3,1,7,2,3,9,0,4,1,1,0,0,0,0,4,3,0,1,0,1,1,2,0,0,0,0,1,0,0,0,0,1,0,0,0,0,0,0
nayab-singh,Nayab Singh,BJP,Haryana,Kurukshetra,Male,54 years,Professional Graduate,93,40,194,194,0,https://prsindia.org/mptrack/17-lok-sabha/nayab-singh,7,6,7,2,12,10,12,4,4,6,1,9,6,5,8,4,8,2,0,6,3,8,2,5,3,2,2,2,0,3,7,1,3,0,3,1,3,1,2,4,1,1,2,0,3,3,2,1,1,0,1,3,0,0,1,1,0,0,0,0,0,0,0
arvind-kumar-sharma,Arvind Kumar Sharma,BJP,Haryana,Rohtak,Male,61 years,Post Graduate,75,18,219,219,0,https://prsindia.org/mptrack/17-lok-sabha/arvind-kumar-sharma,27,14,15,9,9,5,7,6,7,6,6,7,2,1,4,4,4,7,17,2,4,2,1,1,4,5,4,2,5,1,2,0,0,2,3,1,2,2,3,0,2,6,0,1,1,0,1,1,1,0,0,3,0,0,0,0,0,0,0,0,0,0,0
sunita-duggal,Sunita Duggal,BJP,Haryana,Sirsa,Female,55 years,Post Graduate,100,58,164,164,1,https://prsindia.org/mptrack/17-lok-sabha/sunita-duggal,10,12,10,2,7,16,5,4,7,8,1,2,4,5,4,7,5,4,1,2,3,1,2,2,1,0,2,4,2,3,4,4,1,0,4,0,0,2,2,2,2,1,0,1,2,1,1,0,0,0,1,0,0,0,0,0,0,0,0,0,0,0,0
ramesh-chander-kaushik,Ramesh Chander Kaushik,BJP,Haryana,Sonipat,Male,67 years,Professional Graduate,100,10,378,378,0,https://prsindia.org/mptrack/17-lok-sabha/ramesh-chander-kaushik,27,11,16,14,12,15,15,12,17,15,8,12,8,4,15,11,11,12,3,13,9,2,9,9,8,5,10,8,3,4,4,2,6,3,5,3,1,7,1,4,1,2,0,1,1,4,2,0,2,0,0,1,2,8,0,0,0,0,0,0,0,0,0
anurag-singh-thakur,Anurag Singh Thakur,BJP,Himachal Pradesh,Hamirpur,Male,49 years,Graduate,N/A,0,0,0,0,https://prsindia.org/mptrack/17-lok-sabha/anurag-singh-thakur,0,0,0,0,0,0,0,0,0,0,0,0,0,0,0,0,0,0,0,0,0,0,0,0,0,0,0,0,0,0,0,0,0,0,0,0,0,0,0,0,0,0,0,0,0,0,0,0,0,0,0,0,0,0,0,0,0,0,0,0,0,0,0
kisan-kapoor,Kisan Kapoor,BJP,Himachal Pradesh,Kangra,Male,72 years,Inter/ Higher Secondary,88,5,41,41,0,https://prsindia.org/mptrack/17-lok-sabha/kisan-kapoor,3,0,2,4,4,1,0,1,3,1,3,0,0,2,2,1,3,1,0,0,0,1,0,3,0,0,0,1,0,0,0,1,0,0,0,1,2,0,0,0,1,0,0,0,0,0,0,0,0,0,0,0,0,0,0,0,0,0,0,0,0,0,0
pratibha-singh,Pratibha Singh,INC,Himachal Pradesh,Mandi,Female,67 years,Graduate,71,2,29,29,0,https://prsindia.org/mptrack/17-lok-sabha/pratibha-singh,2,0,2,0,0,3,1,1,5,0,1,1,0,0,1,0,0,1,0,0,0,0,1,2,0,0,0,0,0,0,0,0,2,0,1,2,1,0,0,0,0,0,0,0,0,1,1,0,0,0,0,0,0,0,0,0,0,0,0,0,0,0,0
ram-swaroop-sharma,Ram Swaroop Sharma,BJP,Himachal Pradesh,Mandi,Male,65 years,Matric,98,11,5,5,0,https://prsindia.org/mptrack/17-lok-sabha/ram-swaroop-sharma,0,0,0,0,1,0,0,0,1,0,0,0,0,0,0,0,0,0,0,0,0,0,0,0,1,0,1,0,0,0,0,0,0,0,0,0,1,0,0,0,0,0,0,0,0,0,0,0,0,0,0,0,0,0,0,0,0,0,0,0,0,0,0
suresh-kumar-kashyap,Suresh Kumar Kashyap,BJP,Himachal Pradesh,Shimla,Male,52 years,Post Graduate,80,16,63,63,0,https://prsindia.org/mptrack/17-lok-sabha/suresh-kumar-kashyap,5,6,5,1,0,3,4,2,2,2,2,1,2,1,3,0,1,3,0,0,4,1,0,1,1,1,0,2,1,2,0,1,2,0,0,1,0,0,0,0,0,0,0,1,0,0,2,0,0,0,0,0,0,0,0,0,0,0,0,0,0,0,0
hasnain-masoodi,Hasnain Masoodi,JKNC,Jammu and Kashmir,Anantnag,Male,70 years,Post Graduate,85,126,73,73,0,https://prsindia.org/mptrack/17-lok-sabha/hasnain-masoodi,4,3,1,1,1,9,2,2,3,1,4,0,1,3,2,1,0,0,2,3,0,2,0,0,1,1,3,1,4,3,0,3,0,2,2,0,0,0,0,0,3,0,1,0,1,1,0,2,0,0,0,0,0,0,0,0,0,0,0,0,0,0,0
mohammad-akbar-lone,Mohammad Akbar Lone,JKNC,Jammu and Kashmir,Baramulla,Male,76 years,Graduate,41,6,5,5,0,https://prsindia.org/mptrack/17-lok-sabha/mohammad-akbar-lone,1,0,1,0,0,0,0,0,0,0,1,0,0,1,0,0,0,0,0,0,0,0,0,1,0,0,0,0,0,0,0,0,0,0,0,0,0,0,0,0,0,0,0,0,0,0,0,0,0,0,0,0,0,0,0,0,0,0,0,0,0,0,0
jugal-kishore,Jugal Kishore,BJP,Jammu and Kashmir,Jammu,Male,61 years,Matric,88,63,310,310,2,https://prsindia.org/mptrack/17-lok-sabha/jugal-kishore,25,9,19,4,3,10,15,19,11,11,6,7,14,5,6,13,14,7,4,3,5,0,4,12,9,6,5,10,2,10,2,0,4,2,2,1,3,4,0,7,1,1,1,0,0,2,7,1,0,0,1,3,0,0,0,0,0,0,0,0,0,0,0
jamyang-tsering-namgyal,Jamyang Tsering Namgyal,BJP,Jammu and Kashmir,Ladakh,Male,38 years,Graduate,84,41,114,114,1,https://prsindia.org/mptrack/17-lok-sabha/jamyang-tsering-namgyal,6,5,4,1,9,6,3,2,3,1,6,4,1,5,0,2,3,4,1,2,1,2,2,0,2,2,1,2,4,7,1,0,4,2,2,4,1,0,1,2,0,2,1,0,0,1,1,1,0,0,0,0,0,0,0,0,0,0,0,0,0,0,0
farooq-abdullah,Farooq Abdullah,JKNC,Jammu and Kashmir,Srinagar,Male,86 years,Graduate,61,11,11,11,0,https://prsindia.org/mptrack/17-lok-sabha/farooq-abdullah,0,0,1,0,0,1,1,0,1,0,3,0,0,0,0,0,1,0,0,0,0,0,0,0,0,0,0,0,0,0,0,0,0,2,1,0,0,0,0,0,0,0,0,0,0,0,0,0,0,0,0,0,0,0,0,0,0,0,0,0,0,0,0
jitendra-singh,Jitendra Singh,BJP,Jammu and Kashmir,Udhampur,Male,67 years,Professional Graduate,N/A,0,0,0,0,https://prsindia.org/mptrack/17-lok-sabha/jitendra-singh,0,0,0,0,0,0,0,0,0,0,0,0,0,0,0,0,0,0,0,0,0,0,0,0,0,0,0,0,0,0,0,0,0,0,0,0,0,0,0,0,0,0,0,0,0,0,0,0,0,0,0,0,0,0,0,0,0,0,0,0,0,0,0
sunil-kumar-singh,Sunil Kumar Singh,BJP,Jharkhand,Chatra,Male,62 years,Professional Post Graduate,93,67,425,425,13,https://prsindia.org/mptrack/17-lok-sabha/sunil-kumar-singh,47,20,21,8,18,6,19,10,12,13,19,2,12,6,10,9,13,9,12,5,4,8,12,9,8,8,3,6,5,10,5,4,6,3,4,12,3,5,6,5,4,2,2,0,2,2,0,3,3,3,2,2,0,2,1,0,0,0,0,0,0,0,0
pashupati-nath-singh,Pashupati Nath Singh,BJP,Jharkhand,Dhanbad,Male,74 years,Graduate,89,19,122,122,0,https://prsindia.org/mptrack/17-lok-sabha/pashupati-nath-singh,6,6,9,5,4,4,4,4,6,3,3,4,4,2,1,2,2,1,3,5,4,2,1,1,1,0,5,2,0,1,3,0,3,5,1,0,4,5,0,2,2,0,0,0,0,0,0,0,1,0,0,1,0,0,0,0,0,0,0,0,0,0,0
sunil-soren,Sunil Soren,BJP,Jharkhand,Dumka,Male,51 years,Information Not Available,92,10,0,0,0,https://prsindia.org/mptrack/17-lok-sabha/sunil-soren,0,0,0,0,0,0,0,0,0,0,0,0,0,0,0,0,0,0,0,0,0,0,0,0,0,0,0,0,0,0,0,0,0,0,0,0,0,0,0,0,0,0,0,0,0,0,0,0,0,0,0,0,0,0,0,0,0,0,0,0,0,0,0
chandra-prakash-choudhary,Chandra Prakash Choudhary,AJSU,Jharkhand,Giridih,Male,56 years,Graduate,74,15,162,162,0,https://prsindia.org/mptrack/17-lok-sabha/chandra-prakash-choudhary,17,10,11,1,5,6,3,7,11,3,2,2,4,0,11,3,1,1,2,0,1,1,0,7,0,0,1,1,4,3,2,2,1,1,11,3,0,9,0,1,0,0,0,0,1,0,2,2,4,4,0,1,0,0,0,0,0,0,0,0,0,0,0
nishikant-dubey,Nishikant Dubey,BJP,Jharkhand,Godda,Male,55 years,Professional Post Graduate,96,193,375,375,19,https://prsindia.org/mptrack/17-lok-sabha/nishikant-dubey,31,22,12,8,7,12,17,8,5,8,10,6,10,4,7,5,10,8,1,17,10,10,0,9,13,7,5,14,2,10,9,0,6,2,3,7,1,4,8,12,11,0,4,1,3,2,4,1,1,1,2,3,1,0,1,0,0,0,0,0,0,0,0
jayant-sinha,Jayant Sinha,BJP,Jharkhand,Hazaribagh,Male,60 years,Professional Post Graduate,91,39,266,266,5,https://prsindia.org/mptrack/17-lok-sabha/jayant-sinha,14,18,2,1,16,9,7,14,3,5,1,9,7,0,8,7,6,10,3,2,8,2,7,2,4,10,6,8,0,7,10,0,6,3,4,6,0,10,0,4,0,6,2,3,2,3,4,3,1,0,0,0,0,1,0,0,0,1,1,0,0,0,0
bidyut-baran-mahato,Bidyut Baran Mahato,BJP,Jharkhand,Jamshedpur,Male,61 years,Inter/ Higher Secondary,90,87,632,632,2,https://prsindia.org/mptrack/17-lok-sabha/bidyut-baran-mahato,49,42,29,31,19,29,16,5,19,11,12,21,21,29,9,17,10,14,5,11,8,12,17,10,15,8,8,14,8,6,5,12,7,8,13,4,6,7,3,2,9,13,1,4,1,10,3,3,5,1,2,1,5,0,0,1,1,0,0,0,0,0,0
arjun-munda,Arjun Munda,BJP,Jharkhand,Khunti,Male,55 years,Graduate,N/A,0,0,0,0,https://prsindia.org/mptrack/17-lok-sabha/arjun-munda,0,0,0,0,0,0,0,0,0,0,0,0,0,0,0,0,0,0,0,0,0,0,0,0,0,0,0,0,0,0,0,0,0,0,0,0,0,0,0,0,0,0,0,0,0,0,0,0,0,0,0,0,0,0,0,0,0,0,0,0,0,0,0
annpurna-devi,Annpurna Devi,BJP,Jharkhand,Kodarma,Female,54 years,Post Graduate,79,31,97,97,0,https://prsindia.org/mptrack/17-lok-sabha/annpurna-devi,8,2,7,6,1,5,2,2,7,1,3,1,1,0,1,2,1,4,3,5,1,1,1,1,0,0,5,3,0,1,3,1,4,4,1,1,2,1,0,1,2,0,0,0,0,0,0,0,0,0,0,2,0,0,0,0,0,0,0,0,0,0,0
sudarshan-bhagat,Sudarshan Bhagat,BJP,Jharkhand,Lohardaga,Male,54 years,Graduate,94,31,107,107,0,https://prsindia.org/mptrack/17-lok-sabha/sudarshan-bhagat,6,4,0,2,4,2,5,2,2,1,2,2,3,3,3,4,7,1,4,1,1,2,2,4,2,0,1,4,1,6,3,5,0,0,2,2,0,0,0,1,0,0,1,1,1,1,0,3,1,1,0,1,0,3,0,0,0,0,0,0,0,0,0
vishnu-dayal-ram,Vishnu Dayal Ram,BJP,Jharkhand,Palamu,Male,72 years,Graduate,89,79,317,317,7,https://prsindia.org/mptrack/17-lok-sabha/vishnu-dayal-ram,23,10,15,9,10,14,11,10,10,3,20,5,6,9,10,2,3,6,7,6,4,3,3,4,3,3,6,6,7,5,6,3,2,3,10,6,2,3,6,5,4,2,2,3,5,4,4,5,6,0,1,0,1,1,0,0,0,0,0,0,0,0,0
vijay-kumar-hansdak,Vijay Kumar Hansdak,JMM,Jharkhand,Rajmahal,Male,41 years,Under Matric,65,15,27,27,0,https://prsindia.org/mptrack/17-lok-sabha/vijay-kumar-hansdak,1,2,0,0,0,1,2,2,2,0,0,0,0,1,1,1,0,1,0,0,2,1,0,1,0,0,1,0,2,1,0,0,0,0,0,0,0,2,1,0,0,0,0,0,1,0,0,1,0,0,0,0,0,0,0,0,0,0,0,0,0,0,0
sanjay-seth,Sanjay Seth,BJP,Jharkhand,Ranchi,Male,64 years,Information not available,87,77,211,211,0,https://prsindia.org/mptrack/17-lok-sabha/sanjay-seth,12,9,4,5,11,7,4,11,3,6,3,2,4,6,7,5,5,8,3,1,5,7,4,7,6,3,2,4,1,3,4,4,6,4,3,5,1,5,1,1,1,2,2,1,2,2,3,2,1,0,1,0,0,0,0,1,0,0,1,0,0,0,0
geeta-kora,Geeta Kora,INC,Jharkhand,Singhbhum,Female,40 years,Information Not Available,69,14,279,279,0,https://prsindia.org/mptrack/17-lok-sabha/geeta-kora,27,10,12,3,6,9,11,17,9,10,5,6,13,5,9,11,13,8,6,1,5,0,2,7,9,4,7,4,0,8,4,0,2,1,4,4,2,4,0,10,1,0,0,0,0,1,4,0,0,0,0,4,0,0,1,0,0,0,0,0,0,0,0
pc-gaddigoudar,P.C. Gaddigoudar,BJP,Karnataka,Bagalkot,Male,72 years,Professional Graduate,91,5,76,76,0,https://prsindia.org/mptrack/17-lok-sabha/pc-gaddigoudar,5,5,5,7,1,3,2,3,4,4,6,5,2,1,1,3,0,1,0,2,0,0,0,1,0,1,0,1,2,1,0,1,2,1,0,1,0,0,1,0,2,1,0,0,0,1,0,0,0,0,0,0,0,0,0,0,0,0,0,0,0,0,0
p-c-mohan,P. C. Mohan,BJP,Karnataka,Bangalore Central,Male,60 years,Inter/ Higher Secondary,82,9,189,189,0,https://prsindia.org/mptrack/17-lok-sabha/p-c-mohan,17,4,8,9,8,15,4,4,8,11,10,7,1,4,6,5,2,5,4,2,5,0,2,3,4,1,3,1,3,3,0,1,2,2,2,0,2,1,2,1,1,0,0,2,3,0,1,2,1,0,1,3,1,0,1,0,1,0,0,0,0,0,0
dv-sadananda-gowda,D.V. Sadananda Gowda,BJP,Karnataka,Bangalore North,Male,70 years,Professional Graduate,63,0,0,0,0,https://prsindia.org/mptrack/17-lok-sabha/dv-sadananda-gowda,0,0,0,0,0,0,0,0,0,0,0,0,0,0,0,0,0,0,0,0,0,0,0,0,0,0,0,0,0,0,0,0,0,0,0,0,0,0,0,0,0,0,0,0,0,0,0,0,0,0,0,0,0,0,0,0,0,0,0,0,0,0,0
dk-suresh,D.K. Suresh,INC,Karnataka,Bangalore Rural,Male,57 years,Inter/ Higher Secondary,69,21,395,395,0,https://prsindia.org/mptrack/17-lok-sabha/dk-suresh,29,27,17,19,17,12,17,14,4,15,10,10,12,7,5,15,10,7,6,3,13,9,6,7,8,5,3,8,7,6,0,2,5,5,8,1,4,3,5,1,1,4,3,0,2,5,5,2,3,3,3,2,0,0,0,0,0,0,0,0,0,0,0
l-s-tejasvi-surya,L. S. Tejasvi Surya,BJP,Karnataka,Bangalore South,Male,33 years,Professional Graduate,77,36,382,382,0,https://prsindia.org/mptrack/17-lok-sabha/l-s-tejasvi-surya,27,5,20,24,17,8,6,13,19,19,16,10,8,10,1,10,6,7,5,3,14,11,2,8,9,8,6,6,8,1,9,4,17,5,2,5,7,1,5,1,3,0,0,2,5,1,1,1,0,0,4,2,0,0,0,0,0,0,0,0,0,0,0
mangal-suresh-angadi,Mangal Suresh Angadi,BJP,Karnataka,Belgaum,Female,60 years,Graduate,66,1,29,29,0,https://prsindia.org/mptrack/17-lok-sabha/mangal-suresh-angadi,2,1,9,1,2,0,0,1,1,0,0,0,1,4,0,0,0,0,0,0,0,0,0,0,0,0,0,2,4,0,1,0,0,0,0,0,0,0,0,0,0,0,0,0,0,0,0,0,0,0,0,0,0,0,0,0,0,0,0,0,0,0,0
suresh-channabasappa-angadi,Suresh Channabasappa Angadi,BJP,Karnataka,Belgaum,Male,68 years,Professional Graduate,N/A,0,0,0,0,https://prsindia.org/mptrack/17-lok-sabha/suresh-channabasappa-angadi,0,0,0,0,0,0,0,0,0,0,0,0,0,0,0,0,0,0,0,0,0,0,0,0,0,0,0,0,0,0,0,0,0,0,0,0,0,0,0,0,0,0,0,0,0,0,0,0,0,0,0,0,0,0,0,0,0,0,0,0,0,0,0
y-devendrappa,Y. Devendrappa,BJP,Karnataka,Bellary,Male,72 years,Under Matric,81,10,120,120,0,https://prsindia.org/mptrack/17-lok-sabha/y-devendrappa,10,4,5,1,1,1,3,9,4,6,1,2,4,1,7,2,6,4,2,2,3,1,2,3,1,2,2,2,2,3,0,2,2,1,1,4,3,2,3,1,0,0,0,1,1,1,1,1,0,0,0,0,0,0,0,0,0,0,0,0,0,0,0
bhagwanth-khuba,Bhagwanth Khuba,BJP,Karnataka,Bidar,Male,56 years,Professional Graduate,81,3,114,114,0,https://prsindia.org/mptrack/17-lok-sabha/bhagwanth-khuba,7,6,7,5,2,3,3,4,3,1,5,3,3,3,1,2,3,2,3,1,6,0,1,4,1,3,1,1,3,3,2,2,3,2,4,0,2,0,2,1,1,0,0,0,1,1,0,1,1,0,0,0,1,0,0,0,0,0,0,0,0,0,0
ramesh-chandappa-jigajinagi,Ramesh Chandappa Jigajinagi,BJP,Karnataka,Bijapur,Male,71 years,Post Graduate,74,0,0,0,0,https://prsindia.org/mptrack/17-lok-sabha/ramesh-chandappa-jigajinagi,0,0,0,0,0,0,0,0,0,0,0,0,0,0,0,0,0,0,0,0,0,0,0,0,0,0,0,0,0,0,0,0,0,0,0,0,0,0,0,0,0,0,0,0,0,0,0,0,0,0,0,0,0,0,0,0,0,0,0,0,0,0,0
v-srinivas-prasad,V. Srinivas Prasad,BJP,Karnataka,Chamrajanagar,Male,76 years,Post Graduate,33,0,2,2,0,https://prsindia.org/mptrack/17-lok-sabha/v-srinivas-prasad,0,0,0,0,0,0,0,0,1,0,0,0,0,0,0,0,0,0,0,0,0,0,0,0,0,0,0,0,0,0,0,0,0,0,0,1,0,0,0,0,0,0,0,0,0,0,0,0,0,0,0,0,0,0,0,0,0,0,0,0,0,0,0
bn-bache-gowda,B.N. Bache Gowda,BJP,Karnataka,Chikkballapur,Male,81 years,Graduate,38,1,32,32,0,https://prsindia.org/mptrack/17-lok-sabha/bn-bache-gowda,3,1,2,2,0,1,0,4,2,0,0,0,0,0,1,1,0,0,2,1,1,1,0,0,0,1,0,1,0,1,0,1,0,2,0,0,0,3,0,0,1,0,0,0,0,0,0,0,0,0,0,0,0,0,0,0,0,0,0,0,0,0,0
annasaheb-shankar-jolle,Annasaheb Shankar Jolle,BJP,Karnataka,Chikkodi,Male,60 years,Graduate,73,9,308,308,0,https://prsindia.org/mptrack/17-lok-sabha/annasaheb-shankar-jolle,15,13,10,8,12,9,11,9,13,5,7,8,7,12,11,7,4,2,4,5,6,2,2,12,3,4,5,8,11,5,3,7,9,4,5,8,3,1,7,3,5,2,2,0,1,3,6,0,0,3,5,1,0,0,0,0,0,0,0,0,0,0,0
narayanaswamy,A. Narayanaswamy,BJP,Karnataka,Chitradurga,Male,66 years,Graduate,61,4,41,41,0,https://prsindia.org/mptrack/17-lok-sabha/narayanaswamy,0,2,2,0,0,4,0,1,1,2,0,3,2,0,2,1,4,0,0,1,1,2,0,1,2,0,1,0,0,2,1,0,0,3,0,0,0,0,0,1,1,0,0,0,0,0,0,1,0,0,0,0,0,0,0,0,0,0,0,0,0,0,0
nalin-kumar-kateel,Nalin Kumar Kateel,BJP,Karnataka,Dakshina Kannada,Male,57 years,Matric,70,13,353,353,0,https://prsindia.org/mptrack/17-lok-sabha/nalin-kumar-kateel,23,25,19,13,11,12,12,11,16,12,9,14,15,9,11,17,16,3,6,1,7,7,6,3,3,3,7,9,3,2,1,0,3,7,3,0,1,1,7,1,1,3,0,5,0,4,2,0,2,1,2,2,0,0,1,0,1,0,0,0,0,0,0
gowdar-mallikarjunappa-siddeswara,Gowdar Mallikarjunappa Siddeswara,BJP,Karnataka,Davanagere,Male,71 years,Matric,69,15,336,336,0,https://prsindia.org/mptrack/17-lok-sabha/gowdar-mallikarjunappa-siddeswara,9,13,8,13,8,17,6,12,9,2,12,4,8,12,4,10,11,7,2,7,8,5,5,7,6,7,9,5,9,10,6,3,2,6,7,4,6,6,5,6,3,4,2,3,7,5,4,1,6,1,2,2,0,0,0,0,0,0,0,0,0,0,0
pralhad-venkatesh-joshi,Pralhad Venkatesh Joshi,BJP,Karnataka,Dharwad,Male,61 years,Graduate,N/A,0,0,0,0,https://prsindia.org/mptrack/17-lok-sabha/pralhad-venkatesh-joshi,0,0,0,0,0,0,0,0,0,0,0,0,0,0,0,0,0,0,0,0,0,0,0,0,0,0,0,0,0,0,0,0,0,0,0,0,0,0,0,0,0,0,0,0,0,0,0,0,0,0,0,0,0,0,0,0,0,0,0,0,0,0,0
umesh-g-jadhav,Umesh G. Jadhav,BJP,Karnataka,Gulbarga,Male,64 years,Professional Graduate,89,67,407,407,0,https://prsindia.org/mptrack/17-lok-sabha/umesh-g-jadhav,32,15,27,19,9,8,5,18,23,9,10,7,8,11,6,10,7,4,5,9,7,7,4,15,6,4,10,7,3,4,6,5,10,3,2,10,3,2,5,9,4,0,6,1,4,3,6,3,1,4,3,3,3,0,2,0,0,0,0,0,0,0,0
prajwal-revanna,Prajwal Revanna,JD(S),Karnataka,Hassan,Male,33 years,Professional Graduate,55,2,89,89,0,https://prsindia.org/mptrack/17-lok-sabha/prajwal-revanna,7,2,8,9,0,11,14,2,7,0,0,4,1,1,2,1,2,1,1,3,0,0,1,2,1,0,3,2,1,0,0,0,0,0,0,0,0,0,0,0,0,0,2,0,0,0,0,0,0,0,1,0,0,0,0,0,0,0,0,0,0,0,0
udasi-shivkumar-chanabasappa,Udasi Shivkumar Chanabasappa,BJP,Karnataka,Haveri,Male,56 years,Professional Graduate,89,62,222,222,0,https://prsindia.org/mptrack/17-lok-sabha/udasi-shivkumar-chanabasappa,14,12,7,9,3,3,10,5,7,4,7,7,9,7,3,5,9,5,5,6,4,4,5,1,6,1,4,0,1,4,2,3,0,8,5,3,3,1,3,1,3,2,2,3,2,4,1,3,0,3,0,0,1,1,1,0,0,0,0,0,0,0,0
s-muniswamy,S. Muniswamy,BJP,Karnataka,Kolar,Male,48 years,Graduate,73,24,252,252,0,https://prsindia.org/mptrack/17-lok-sabha/s-muniswamy,18,6,11,9,8,7,9,2,14,4,6,4,7,7,1,1,0,3,2,7,0,2,4,9,7,3,7,4,19,5,5,4,8,5,2,6,1,0,3,6,2,0,1,1,1,2,4,7,2,2,3,0,0,1,0,0,0,0,0,0,0,0,0
karadi-sanganna-amarappa,Karadi Sanganna Amarappa,BJP,Karnataka,Koppal,Male,73 years,Inter/ Higher Secondary,76,21,205,205,0,https://prsindia.org/mptrack/17-lok-sabha/karadi-sanganna-amarappa,14,5,13,11,11,6,5,8,13,7,6,5,5,5,2,3,3,1,3,2,5,5,3,8,4,4,4,1,3,1,2,4,9,0,0,4,1,0,2,2,2,0,0,0,1,1,3,0,0,3,2,2,0,0,1,0,0,0,0,0,0,0,0
sumalatha-ambareesh,Sumalatha Ambareesh,I,Karnataka,Mandya,Female,60 years,Inter/ Higher Secondary,64,24,210,210,0,https://prsindia.org/mptrack/17-lok-sabha/sumalatha-ambareesh,15,12,11,10,13,4,8,9,7,11,8,9,6,2,3,13,5,5,1,3,9,3,4,2,2,1,2,3,2,4,1,0,0,1,1,0,4,0,3,0,0,2,1,0,0,2,3,0,0,1,2,1,0,0,0,0,0,0,0,1,0,0,0
prathap-simha,Prathap Simha,BJP,Karnataka,Mysore,Male,47 years,Post Graduate,86,8,355,355,0,https://prsindia.org/mptrack/17-lok-sabha/prathap-simha,24,10,21,18,18,6,4,10,16,11,10,6,5,10,6,6,5,2,10,5,13,6,3,12,6,8,4,3,7,4,3,6,11,1,7,7,8,3,7,5,3,0,1,2,4,3,3,2,2,1,3,3,0,0,1,0,0,0,0,0,0,0,0
raja-amareshwara-naik,Raja Amareshwara Naik,BJP,Karnataka,Raichur,Male,66 years,Professional Graduate,80,12,571,571,0,https://prsindia.org/mptrack/17-lok-sabha/raja-amareshwara-naik,33,15,18,29,20,17,11,16,13,25,19,19,9,12,12,8,12,10,7,10,18,12,10,5,13,9,9,12,13,4,6,9,5,10,9,4,13,6,14,4,8,10,1,7,6,9,3,4,2,8,4,0,4,3,2,0,0,0,0,0,0,0,0
raghavendra,B.Y. Raghavendra,BJP,Karnataka,Shimoga,Male,50 years,Graduate,63,17,220,220,0,https://prsindia.org/mptrack/17-lok-sabha/raghavendra,12,11,14,8,7,8,5,8,11,9,4,4,5,8,4,3,6,6,3,1,6,4,3,10,3,2,4,1,1,4,2,2,7,1,0,5,2,3,3,5,2,1,0,0,1,0,2,1,0,4,1,2,0,0,1,0,0,0,0,0,0,0,0
gangasandra-siddappa-basavaraj,Gangasandra Siddappa Basavaraj,BJP,Karnataka,Tumkur,Male,82 years,Professional Graduate,66,7,59,59,0,https://prsindia.org/mptrack/17-lok-sabha/gangasandra-siddappa-basavaraj,4,2,1,9,2,2,0,3,0,1,3,3,0,1,1,4,0,1,2,1,0,0,0,0,1,1,1,1,1,0,0,2,2,1,2,0,1,0,3,1,1,0,0,0,0,0,0,0,0,0,0,1,0,0,0,0,0,0,0,0,0,0,0
shobha-karandlaje,Shobha Karandlaje,BJP,Karnataka,Udupi Chikmagalur,Female,57 years,Post Graduate,89,20,131,131,0,https://prsindia.org/mptrack/17-lok-sabha/shobha-karandlaje,14,5,14,3,3,5,4,5,6,4,1,6,2,3,3,5,1,1,4,4,1,1,3,0,1,1,5,1,0,2,1,0,0,9,0,5,2,2,0,1,0,1,1,0,1,0,0,0,0,0,0,0,0,0,0,0,0,0,0,0,0,0,0
anant-kumar-hegde,Anant Kumar Hegde,BJP,Karnataka,Uttara Kannada,Male,55 years,Inter/ Higher Secondary,67,0,18,18,0,https://prsindia.org/mptrack/17-lok-sabha/anant-kumar-hegde,5,0,0,0,0,4,1,0,0,0,1,0,1,1,0,0,0,1,0,0,0,0,0,0,2,0,1,0,0,0,0,0,0,1,0,0,0,0,0,0,0,0,0,0,0,0,0,0,0,0,0,0,0,0,0,0,0,0,0,0,0,0,0
m-arif,A. M. Arif,CPI(M),Kerala,Alappuzha,Male,59 years,Professional Graduate,89,113,244,244,1,https://prsindia.org/mptrack/17-lok-sabha/m-arif,11,13,16,7,15,3,7,7,9,4,3,3,10,7,11,9,10,3,8,1,0,3,9,9,1,3,4,5,4,1,2,8,0,1,3,0,4,0,5,1,2,1,6,3,1,3,0,0,2,3,2,0,0,0,1,0,0,0,0,0,0,0,0
ramya-haridas,Ramya Haridas,INC,Kerala,Alathur,Female,38 years,Information Not Available,72,54,321,321,0,https://prsindia.org/mptrack/17-lok-sabha/ramya-haridas,14,11,9,10,7,15,10,7,7,3,7,7,10,9,6,9,9,2,11,5,10,7,7,4,3,6,3,4,5,7,3,5,3,3,8,4,11,6,9,2,9,4,3,1,7,2,3,2,4,4,0,1,2,0,0,0,0,0,0,1,0,0,0
adoor-prakash,Adoor Prakash,INC,Kerala,Attingal,Male,68 years,Professional Graduate,82,66,388,388,0,https://prsindia.org/mptrack/17-lok-sabha/adoor-prakash,40,14,26,25,16,21,10,6,14,9,26,5,12,13,10,8,5,9,11,1,1,11,14,7,5,3,4,0,3,3,1,11,4,5,3,1,6,0,5,0,1,2,1,3,1,5,2,0,1,1,0,1,2,0,0,0,0,0,0,0,0,0,0
benny-behanan,Benny Behanan,INC,Kerala,Chalakudy,Male,71 years,Graduate,85,69,343,343,3,https://prsindia.org/mptrack/17-lok-sabha/benny-behanan,37,15,19,24,21,10,10,10,12,7,18,5,13,16,5,8,7,9,12,5,0,3,3,4,9,3,1,1,6,4,2,6,4,3,1,3,7,3,2,2,3,1,3,1,3,0,1,0,0,0,0,0,0,0,0,0,0,1,0,0,0,0,0
hibi-eden,Hibi Eden,INC,Kerala,Ernakulam,Male,40 years,Graduate,89,61,318,318,9,https://prsindia.org/mptrack/17-lok-sabha/hibi-eden,29,10,28,21,13,14,3,4,9,20,11,7,8,8,11,5,0,3,10,4,2,7,14,3,8,0,5,6,3,1,0,11,5,3,3,2,7,0,1,0,2,1,1,3,2,3,2,1,0,1,2,1,0,0,0,0,0,0,0,0,0,0,0
dean-kuriakose,Dean Kuriakose,INC,Kerala,Idukki,Male,42 years,Post Graduate,90,91,289,289,12,https://prsindia.org/mptrack/17-lok-sabha/dean-kuriakose,23,14,13,10,10,11,7,8,18,5,7,15,11,6,14,4,4,5,7,0,6,6,1,9,2,3,7,0,3,1,4,8,2,7,8,3,3,1,6,5,2,1,4,0,0,2,0,0,1,2,0,0,0,0,0,0,0,0,0,0,0,0,0
kumbakudi-sudhakaran,Kumbakudi Sudhakaran,INC,Kerala,Kannur,Male,75 years,Post Graduate,50,19,275,275,0,https://prsindia.org/mptrack/17-lok-sabha/kumbakudi-sudhakaran,19,6,20,17,14,11,1,10,12,4,15,5,10,14,5,10,2,3,5,0,1,4,4,2,7,3,6,3,4,2,1,11,5,2,2,4,10,0,5,1,2,1,2,2,1,0,0,1,0,4,2,0,0,0,0,0,0,0,0,0,0,0,0
rajmohan-unnithan,Rajmohan Unnithan,INC,Kerala,Kasaragod,Male,70 years,Information Not Available,86,52,208,208,0,https://prsindia.org/mptrack/17-lok-sabha/rajmohan-unnithan,17,7,19,7,13,9,7,4,9,2,8,2,5,7,6,7,7,5,6,2,0,5,3,3,3,2,2,4,6,0,1,5,2,1,2,1,7,0,1,1,1,1,5,0,1,0,1,0,0,1,0,0,0,0,0,0,0,0,0,0,0,0,0
nkpremachandran,N.K.Premachandran,RSP,Kerala,Kollam,Male,63 years,Professional Graduate,91,267,272,272,18,https://prsindia.org/mptrack/17-lok-sabha/nkpremachandran,20,15,13,26,9,5,3,9,18,3,16,4,12,11,3,12,10,3,7,1,3,2,6,2,4,2,3,1,4,0,0,9,0,7,2,0,4,0,8,1,5,0,2,2,0,1,1,0,0,3,0,0,0,0,0,0,0,0,0,0,0,0,0
thomas-chazhikadan,Thomas Chazhikadan,KC(M),Kerala,Kottayam,Male,71 years,Graduate,80,76,211,211,3,https://prsindia.org/mptrack/17-lok-sabha/thomas-chazhikadan,16,12,18,14,7,9,7,7,7,3,4,10,5,5,5,1,3,3,3,1,0,5,6,6,1,2,3,5,1,1,4,3,4,2,6,3,1,0,0,3,0,2,2,4,1,1,1,0,1,2,0,0,1,0,0,0,0,0,0,0,0,0,0
m-k-raghavan,M. K. Raghavan,INC,Kerala,Kozhikode,Male,71 years,Graduate,81,54,270,270,11,https://prsindia.org/mptrack/17-lok-sabha/m-k-raghavan,25,12,16,19,11,19,4,4,14,6,8,8,1,14,4,6,5,5,8,0,5,4,9,0,4,1,3,3,4,0,3,9,3,2,1,1,8,1,2,0,1,0,3,6,0,3,2,0,0,2,0,0,1,0,0,0,0,0,0,0,0,0,0
mp-abdussamad-samadani,M.P. Abdussamad Samadani,IUML,Kerala,Malappuram,Male,65 years,Post Graduate,96,32,117,117,0,https://prsindia.org/mptrack/17-lok-sabha/mp-abdussamad-samadani,12,5,17,1,12,5,3,4,5,0,3,0,1,9,7,1,4,2,1,0,1,1,1,2,2,0,1,0,0,1,1,4,0,0,1,0,0,0,0,0,0,0,3,2,1,1,3,0,0,0,0,0,0,0,0,0,0,0,0,0,0,0,0
pk-kunhalikutty,P.K. Kunhalikutty,IUML,Kerala,Malappuram,Male,72 years,Diploma Course,72,25,58,58,0,https://prsindia.org/mptrack/17-lok-sabha/pk-kunhalikutty,5,1,5,7,0,3,0,0,0,2,3,0,2,6,2,2,1,1,1,3,1,1,0,0,0,1,0,1,0,0,0,1,0,0,0,0,1,0,0,0,0,0,6,0,0,0,0,1,0,0,0,0,1,0,0,0,0,0,0,0,0,0,0
suresh-kodikunnil,Suresh Kodikunnil,INC,Kerala,Mavelikkara,Male,61 years,Professional Graduate,86,124,304,304,8,https://prsindia.org/mptrack/17-lok-sabha/suresh-kodikunnil,24,10,29,17,10,16,9,7,17,0,22,7,13,11,4,8,9,4,2,2,2,4,5,4,4,1,5,1,5,4,1,11,2,4,2,4,5,0,4,1,1,0,2,1,3,2,1,0,0,0,2,1,0,0,1,0,0,0,0,0,0,0,0
vk-sreekandan,V.K. Sreekandan,INC,Kerala,Palakkad,Male,53 years,Graduate,93,63,294,294,9,https://prsindia.org/mptrack/17-lok-sabha/vk-sreekandan,31,10,22,26,8,12,3,7,12,4,22,4,6,12,7,9,6,6,11,1,3,5,4,2,5,1,3,7,6,2,0,4,1,3,6,1,3,2,6,0,1,1,1,1,2,1,0,1,0,1,1,1,0,0,0,0,0,0,0,0,0,0,0
anto-antony,Anto Antony,INC,Kerala,Pathanamthitta,Male,66 years,Graduate,82,61,386,386,2,https://prsindia.org/mptrack/17-lok-sabha/anto-antony,50,19,13,37,8,9,9,11,11,8,25,16,16,23,6,11,3,6,10,2,3,14,0,5,8,0,0,0,5,5,1,10,4,1,6,2,2,1,5,0,2,0,4,1,7,1,0,1,0,4,1,0,0,0,0,0,0,0,0,0,0,0,0
e-t-mohammed-basheer,E. T. Mohammed Basheer,IUML,Kerala,Ponnani,Male,77 years,Inter/ Higher Secondary,94,102,224,224,5,https://prsindia.org/mptrack/17-lok-sabha/e-t-mohammed-basheer,16,12,5,12,13,8,4,7,3,3,6,10,5,14,2,6,4,5,3,0,9,1,4,2,4,2,4,2,0,3,4,7,1,3,0,2,2,1,8,3,2,1,6,4,6,1,0,1,1,0,1,0,0,0,0,0,0,0,1,0,0,0,0
shashi-tharoor,Shashi Tharoor,INC,Kerala,Thiruvananthapuram,Male,67 years,Doctorate,93,101,275,275,13,https://prsindia.org/mptrack/17-lok-sabha/shashi-tharoor,16,11,9,8,9,12,6,14,8,10,13,5,9,2,7,6,5,5,6,4,3,6,11,7,5,4,6,1,5,4,2,4,6,6,4,1,3,0,3,0,5,1,3,3,3,4,1,1,2,3,0,1,2,0,0,0,0,0,0,0,0,0,0
tn-prathapan,T.N. Prathapan,INC,Kerala,Thrissur,Male,63 years,Information Not Available,82,67,312,312,1,https://prsindia.org/mptrack/17-lok-sabha/tn-prathapan,27,13,10,17,17,11,7,11,11,7,13,11,6,8,3,3,7,3,5,3,0,6,10,6,9,2,9,3,4,3,0,11,9,4,1,6,5,2,6,0,2,0,14,0,2,1,0,0,1,2,0,0,0,0,1,0,0,0,0,0,0,0,0
k-muraleedharan,K. Muraleedharan,INC,Kerala,Vadakara,Male,66 years,Professional Graduate,90,61,266,266,0,https://prsindia.org/mptrack/17-lok-sabha/k-muraleedharan,19,11,19,21,8,12,4,7,8,7,16,2,4,12,9,5,7,2,10,4,2,9,3,8,5,2,2,2,1,0,2,4,1,4,1,0,3,2,3,1,5,2,3,0,2,1,1,1,0,5,3,0,0,1,0,0,0,0,0,0,0,0,0
rahul-gandhi,Rahul Gandhi,INC,Kerala,Wayanad,Male,53 years,Post Graduate,51,8,99,99,0,https://prsindia.org/mptrack/17-lok-sabha/rahul-gandhi,8,4,3,3,1,0,0,6,3,1,3,5,5,2,5,5,0,0,1,3,0,0,2,4,0,12,0,1,2,0,0,0,3,0,1,5,1,0,2,1,1,1,2,1,0,0,0,0,0,0,0,2,0,0,0,0,0,0,0,0,0,0,0
pp-mohammed-faizal,P.P. Mohammed Faizal,NCP,Lakshadweep,Lakshadweep,Male,48 years,Professional Post Graduate,79,36,245,245,0,https://prsindia.org/mptrack/17-lok-sabha/pp-mohammed-faizal,32,8,14,9,16,6,10,6,4,4,10,3,8,7,6,5,4,6,4,5,1,3,6,5,6,0,1,1,4,2,0,7,5,2,1,6,3,0,4,0,1,0,8,6,1,0,2,0,0,0,0,0,2,0,1,0,0,0,0,0,0,0,0
dhal-singh-bisen,Dhal Singh Bisen,BJP,Madhya Pradesh,Balaghat,Male,71 years,Diploma Course,99,73,189,189,0,https://prsindia.org/mptrack/17-lok-sabha/dhal-singh-bisen,17,8,12,3,13,9,7,10,4,6,6,2,1,2,7,2,8,5,4,1,5,2,3,1,1,2,1,2,3,3,1,3,2,5,1,7,2,1,2,0,0,0,4,0,0,0,1,5,3,0,0,2,0,0,0,0,0,0,0,0,0,0,0
durga-das-dd-uikey,Durga Das (D.D.) Uikey,BJP,Madhya Pradesh,Betul,Male,60 years,Post Graduate,96,20,57,57,0,https://prsindia.org/mptrack/17-lok-sabha/durga-das-dd-uikey,3,0,1,0,1,3,1,3,3,1,0,2,2,1,0,0,4,1,1,1,0,2,3,1,0,3,2,1,3,2,0,0,1,0,0,2,1,1,0,1,1,0,0,0,1,0,1,0,0,0,2,1,0,0,0,0,0,0,0,0,0,0,0
sandhya-ray,Sandhya Ray,BJP,Madhya Pradesh,Bhind,Female,50 years,Information Not Available,94,24,139,139,0,https://prsindia.org/mptrack/17-lok-sabha/sandhya-ray,4,5,7,3,5,7,5,6,5,7,2,5,4,3,2,3,2,5,1,0,0,2,1,2,4,3,4,3,2,1,7,0,6,3,1,2,1,1,0,0,3,0,1,0,1,0,4,0,1,0,1,1,0,0,1,0,2,0,0,0,0,0,0
sadhvi-pragya-singh-thakur,Sadhvi Pragya Singh Thakur,BJP,Madhya Pradesh,Bhopal,Female,54 years,Information Not Available,66,19,36,36,0,https://prsindia.org/mptrack/17-lok-sabha/sadhvi-pragya-singh-thakur,1,0,0,1,1,0,0,1,0,3,1,1,2,2,1,2,3,1,0,1,1,0,2,0,1,1,1,2,0,0,1,0,1,2,0,1,0,0,0,0,0,0,0,0,1,0,0,0,0,1,0,0,0,0,0,0,0,0,0,0,0,0,0
nakul-nath,Nakul Nath,INC,Madhya Pradesh,Chhindwara,Male,49 years,Graduate,70,1,30,30,0,https://prsindia.org/mptrack/17-lok-sabha/nakul-nath,1,3,0,1,2,0,2,2,1,1,0,2,0,0,2,0,0,1,2,0,1,1,0,0,1,0,0,0,0,0,1,0,0,0,1,2,0,2,0,0,0,0,0,1,0,0,0,0,0,0,0,0,0,0,0,0,0,0,0,0,0,0,0
prahlad-singh-patel,Prahlad Singh Patel,BJP,Madhya Pradesh,Damoh,Male,63 years,Post Graduate,N/A,0,0,0,0,https://prsindia.org/mptrack/17-lok-sabha/prahlad-singh-patel,0,0,0,0,0,0,0,0,0,0,0,0,0,0,0,0,0,0,0,0,0,0,0,0,0,0,0,0,0,0,0,0,0,0,0,0,0,0,0,0,0,0,0,0,0,0,0,0,0,0,0,0,0,0,0,0,0,0,0,0,0,0,0
mahendra-singh-solanky,Mahendra Singh Solanky,BJP,Madhya Pradesh,Dewas,Male,39 years,Professional Graduate,97,8,98,98,0,https://prsindia.org/mptrack/17-lok-sabha/mahendra-singh-solanky,7,5,3,2,8,1,2,8,4,2,0,1,5,3,1,1,0,3,2,6,3,1,2,1,3,1,5,0,0,3,2,0,3,0,0,1,1,1,0,1,0,1,0,2,1,0,1,0,0,0,0,0,0,0,0,0,0,0,0,0,1,0,0
chhatar-singh-darbar,Chhatar Singh Darbar,BJP,Madhya Pradesh,Dhar,Male,70 years,Professional Graduate,81,13,30,30,0,https://prsindia.org/mptrack/17-lok-sabha/chhatar-singh-darbar,3,3,2,0,0,1,1,4,1,0,2,1,1,0,0,1,0,1,2,0,0,2,0,0,0,0,0,0,0,1,0,1,0,0,1,2,0,0,0,0,0,0,0,0,0,0,0,0,0,0,0,0,0,0,0,0,0,0,0,0,0,0,0
krishna-pal-singh,Krishna Pal Singh,BJP,Madhya Pradesh,Guna,Male,48 years,Doctorate,92,53,364,364,5,https://prsindia.org/mptrack/17-lok-sabha/krishna-pal-singh,17,20,16,5,15,15,13,17,7,8,5,14,9,6,4,4,10,7,4,10,10,7,10,8,8,13,9,7,6,3,12,3,6,3,3,8,2,5,5,5,7,1,1,1,4,2,2,0,2,1,2,1,0,0,0,1,0,0,0,0,0,0,0
vivek-narayan-shejwalkar,Vivek Narayan Shejwalkar,BJP,Madhya Pradesh,Gwalior,Male,76 years,Information Not Available,97,48,183,183,0,https://prsindia.org/mptrack/17-lok-sabha/vivek-narayan-shejwalkar,16,15,9,4,7,9,6,12,5,7,3,4,2,2,5,5,7,5,0,2,2,1,2,1,5,7,3,2,2,3,3,2,3,0,3,7,0,1,0,4,1,1,0,0,1,1,0,1,0,0,1,0,0,0,0,1,0,0,0,0,0,0,0
uday-pratap-singh,Uday Pratap Singh,BJP,Madhya Pradesh,Hoshangabad,Male,59 years,Graduate,89,96,186,186,0,https://prsindia.org/mptrack/17-lok-sabha/uday-pratap-singh,26,15,14,6,2,14,7,2,15,1,1,1,4,7,3,4,5,3,5,0,4,0,7,3,7,0,2,2,2,3,1,0,2,5,4,3,4,1,0,0,0,0,0,0,0,0,0,0,0,0,1,0,0,0,0,0,0,0,0,0,0,0,0
shankar-lalwani,Shankar Lalwani,BJP,Madhya Pradesh,Indore,Male,62 years,Information Not Available,96,41,213,213,0,https://prsindia.org/mptrack/17-lok-sabha/shankar-lalwani,12,14,13,11,9,11,6,7,7,5,4,3,1,8,1,5,13,11,8,3,4,3,1,2,2,5,1,7,3,5,1,0,1,2,4,1,2,3,1,3,0,0,0,2,3,2,0,0,0,0,1,0,0,0,1,0,1,0,0,0,0,0,0
rakesh-singh,Rakesh Singh,BJP,Madhya Pradesh,Jabalpur,Male,61 years,Graduate,84,24,146,146,4,https://prsindia.org/mptrack/17-lok-sabha/rakesh-singh,20,5,22,10,7,10,2,0,4,2,7,4,3,2,1,4,0,3,5,0,2,2,0,1,6,0,1,1,6,1,1,4,0,2,3,0,0,1,0,1,0,1,0,0,1,0,0,0,0,1,0,0,0,0,0,0,0,0,0,0,0,0,0
vishnu-dutt-sharma,Vishnu Dutt Sharma,BJP,Madhya Pradesh,Khajuraho,Male,53 years,Information Not Available,60,16,217,217,0,https://prsindia.org/mptrack/17-lok-sabha/vishnu-dutt-sharma,21,12,3,8,10,7,7,7,6,7,2,7,4,2,6,6,7,7,3,0,2,1,4,5,11,2,5,6,7,7,4,0,8,1,1,1,1,1,1,4,2,4,0,1,0,0,4,1,0,0,0,1,0,0,0,0,0,0,0,0,0,0,0
gyaneshwar-patil,Gyaneshwar Patil,BJP,Madhya Pradesh,Khandwa,Male,55 years,Information Not Available,83,2,122,122,0,https://prsindia.org/mptrack/17-lok-sabha/gyaneshwar-patil,5,5,3,1,6,5,5,4,2,4,0,7,2,1,1,1,7,4,1,4,2,5,1,3,2,0,4,1,0,2,5,1,4,0,2,2,2,0,1,1,1,0,2,0,2,1,4,0,1,1,3,0,0,0,0,0,1,0,0,0,0,0,0
nandkumar-singh-chouhan-nandu-bhaiya,Nandkumar Singh Chouhan (Nandu Bhaiya),BJP,Madhya Pradesh,Khandwa,Male,71 years,Graduate,67,7,7,7,0,https://prsindia.org/mptrack/17-lok-sabha/nandkumar-singh-chouhan-nandu-bhaiya,1,2,0,0,0,1,1,0,0,0,0,0,0,0,0,0,0,1,0,0,0,0,0,0,0,0,0,0,0,0,0,0,0,1,0,0,0,0,0,0,0,0,0,0,0,0,0,0,0,0,0,0,0,0,0,0,0,0,0,0,0,0,0
gajendra-umrao-singh-patel,Gajendra Umrao Singh Patel,BJP,Madhya Pradesh,Khargone,Male,48 years,Professional Graduate,85,28,171,171,0,https://prsindia.org/mptrack/17-lok-sabha/gajendra-umrao-singh-patel,8,4,6,1,8,6,6,6,2,4,0,2,3,4,3,3,9,4,2,4,2,2,5,4,2,6,1,1,5,4,5,2,5,0,3,13,2,2,2,0,0,1,0,0,3,0,2,2,0,0,7,4,0,1,0,0,0,0,0,0,0,0,0
faggan-singh-kulaste,Faggan Singh Kulaste,BJP,Madhya Pradesh,Mandla,Male,64 years,Post Graduate,N/A,0,0,0,0,https://prsindia.org/mptrack/17-lok-sabha/faggan-singh-kulaste,0,0,0,0,0,0,0,0,0,0,0,0,0,0,0,0,0,0,0,0,0,0,0,0,0,0,0,0,0,0,0,0,0,0,0,0,0,0,0,0,0,0,0,0,0,0,0,0,0,0,0,0,0,0,0,0,0,0,0,0,0,0,0
sudhir-gupta,Sudhir Gupta,BJP,Madhya Pradesh,Mandsour,Male,64 years,Post Graduate,88,60,635,635,6,https://prsindia.org/mptrack/17-lok-sabha/sudhir-gupta,48,45,28,34,22,29,17,5,26,10,18,22,19,26,8,18,9,12,5,8,7,12,15,10,16,7,7,14,9,6,4,13,6,8,10,2,8,7,3,3,9,13,0,3,2,10,3,3,4,1,2,3,4,0,1,0,0,0,1,0,0,0,0
narendra-singh-tomar,Narendra Singh Tomar,BJP,Madhya Pradesh,Morena,Male,66 years,Graduate,N/A,0,0,0,0,https://prsindia.org/mptrack/17-lok-sabha/narendra-singh-tomar,0,0,0,0,0,0,0,0,0,0,0,0,0,0,0,0,0,0,0,0,0,0,0,0,0,0,0,0,0,0,0,0,0,0,0,0,0,0,0,0,0,0,0,0,0,0,0,0,0,0,0,0,0,0,0,0,0,0,0,0,0,0,0
rodmal-nagar,Rodmal Nagar,BJP,Madhya Pradesh,Rajgarh,Male,63 years,Graduate,89,29,209,209,0,https://prsindia.org/mptrack/17-lok-sabha/rodmal-nagar,12,15,11,10,7,6,4,4,6,6,3,2,4,3,0,5,5,7,7,2,4,3,4,2,4,4,1,2,3,5,4,4,2,8,7,2,6,4,3,4,0,1,1,0,2,2,2,2,1,0,2,1,0,0,0,0,0,0,0,0,0,0,0
guman-singh-damor,Guman Singh Damor,BJP,Madhya Pradesh,Ratlam,Male,66 years,Information Not Available,88,29,117,117,0,https://prsindia.org/mptrack/17-lok-sabha/guman-singh-damor,10,11,7,1,4,1,1,2,5,2,1,0,2,5,3,2,8,2,3,2,2,5,3,2,1,1,1,2,4,1,1,1,2,0,4,7,0,1,1,0,0,0,0,0,1,2,1,0,0,0,2,0,0,0,0,0,0,0,0,0,0,0,0
janardan-mishra,Janardan Mishra,BJP,Madhya Pradesh,Rewa,Male,67 years,Professional Graduate,95,39,108,108,0,https://prsindia.org/mptrack/17-lok-sabha/janardan-mishra,10,4,1,2,2,5,3,4,3,5,1,2,1,4,3,3,3,3,3,1,1,0,2,2,4,0,1,1,2,1,1,3,0,5,2,2,4,0,3,1,2,0,2,1,1,0,1,2,0,0,0,1,0,0,0,0,0,0,0,0,0,0,0
rajbahadur-singh,Rajbahadur Singh,BJP,Madhya Pradesh,Sagar,Male,56 years,Information Not Available,87,5,67,67,0,https://prsindia.org/mptrack/17-lok-sabha/rajbahadur-singh,6,1,3,0,6,1,2,4,2,2,0,0,1,2,1,0,1,1,0,2,1,0,2,2,5,3,4,0,0,2,3,1,2,0,0,1,0,1,1,0,0,0,1,1,0,0,0,1,0,0,0,0,0,0,0,0,0,0,0,0,1,0,0
ganesh-singh,Ganesh Singh,BJP,Madhya Pradesh,Satna,Male,61 years,Post Graduate,86,90,186,186,5,https://prsindia.org/mptrack/17-lok-sabha/ganesh-singh,13,5,9,6,4,9,5,3,10,6,4,5,4,6,5,4,15,5,0,2,1,2,5,3,1,2,5,1,5,3,2,0,8,3,1,4,1,2,4,1,3,1,0,1,3,0,3,0,0,0,0,1,0,0,0,0,0,0,0,0,0,0,0
himadri-singh,Himadri Singh,BJP,Madhya Pradesh,Shahdol,Female,35 years,Information Not Available,85,6,38,38,0,https://prsindia.org/mptrack/17-lok-sabha/himadri-singh,2,1,3,0,2,2,0,1,1,0,0,0,1,2,0,0,1,1,1,0,0,0,3,0,0,0,0,1,1,0,0,0,2,0,3,5,0,3,0,0,0,0,0,1,0,0,0,1,0,0,0,0,0,0,0,0,0,0,0,0,0,0,0
riti-pathak,Riti Pathak,BJP,Madhya Pradesh,Sidhi,Female,46 years,Post Graduate,97,60,278,278,4,https://prsindia.org/mptrack/17-lok-sabha/riti-pathak,19,11,16,2,3,9,15,12,9,10,3,9,11,6,5,11,14,6,5,4,3,2,6,7,10,5,8,9,1,5,0,1,1,2,4,5,4,3,1,6,1,1,1,0,0,1,7,0,0,0,1,3,0,0,0,0,0,0,0,0,0,0,0
virendra-kumar,Virendra Kumar,BJP,Madhya Pradesh,Tikamgarh,Male,69 years,Doctorate,96,41,81,81,0,https://prsindia.org/mptrack/17-lok-sabha/virendra-kumar,5,4,4,0,2,2,3,7,2,4,4,1,7,0,3,1,1,0,1,5,0,1,2,0,0,3,0,0,2,2,1,2,1,1,3,0,1,2,1,1,0,0,0,0,0,0,0,2,0,0,0,0,0,0,0,0,0,0,0,0,0,0,0
anil-firojiya,Anil Firojiya,BJP,Madhya Pradesh,Ujjain,Male,52 years,Graduate,79,27,274,274,0,https://prsindia.org/mptrack/17-lok-sabha/anil-firojiya,19,8,12,5,6,6,9,6,14,4,3,3,8,6,7,5,11,3,9,8,9,9,2,4,4,5,8,6,4,0,5,2,8,4,5,3,2,5,1,3,7,1,5,3,1,1,5,3,7,0,0,0,0,0,0,0,0,0,0,0,0,0,0
ramakant-bhargava,Ramakant Bhargava,BJP,Madhya Pradesh,Vidisha,Male,70 years,Information Not Available,71,10,7,7,0,https://prsindia.org/mptrack/17-lok-sabha/ramakant-bhargava,0,0,2,0,0,2,0,0,0,0,0,0,0,0,0,0,1,0,0,0,0,0,0,0,0,0,0,0,0,0,0,0,0,0,0,0,0,0,0,0,0,0,0,0,0,0,0,0,0,0,0,0,0,0,1,1,0,0,0,0,0,0,0
sujay-radhakrishna-vikhepatil,Sujay Radhakrishna Vikhepatil,BJP,Maharashtra,Ahmednagar,Male,42 years,Professional Graduate,76,105,508,508,6,https://prsindia.org/mptrack/17-lok-sabha/sujay-radhakrishna-vikhepatil,23,25,29,13,10,14,19,18,12,11,8,13,15,10,12,10,8,16,10,13,9,11,13,14,11,16,11,7,14,11,11,4,7,5,5,11,5,5,6,8,4,3,3,1,7,3,3,2,3,1,3,0,1,0,0,1,0,0,0,0,0,0,0
sanjay-shamrao-dhotre,Sanjay Shamrao Dhotre,BJP,Maharashtra,Akola,Male,64 years,Professional Graduate,0,0,0,0,0,https://prsindia.org/mptrack/17-lok-sabha/sanjay-shamrao-dhotre,0,0,0,0,0,0,0,0,0,0,0,0,0,0,0,0,0,0,0,0,0,0,0,0,0,0,0,0,0,0,0,0,0,0,0,0,0,0,0,0,0,0,0,0,0,0,0,0,0,0,0,0,0,0,0,0,0,0,0,0,0,0,0
navnit-ravi-rana,Navnit Ravi Rana,I,Maharashtra,Amravati,Female,38 years,Graduate,79,98,237,237,0,https://prsindia.org/mptrack/17-lok-sabha/navnit-ravi-rana,20,8,13,8,10,8,11,13,11,4,4,6,9,4,7,9,8,0,5,5,5,0,8,2,6,4,9,5,4,3,3,0,2,0,4,1,0,5,3,0,2,0,0,0,0,2,2,1,0,0,0,2,0,0,0,0,1,0,0,0,0,0,0
imtiaz-jaleel-syed,Imtiaz Jaleel Syed,AIMIM,Maharashtra,Aurangabad,Male,55 years,Professional Graduate,77,81,274,274,1,https://prsindia.org/mptrack/17-lok-sabha/imtiaz-jaleel-syed,34,8,7,16,10,7,10,9,10,6,13,11,13,7,6,4,2,3,6,5,2,7,3,0,5,1,12,1,6,2,0,8,0,4,4,5,8,1,2,0,2,0,8,1,1,1,1,0,0,2,0,0,0,0,0,0,0,0,0,0,0,0,0
supriya-sule,Supriya Sule,NCP,Maharashtra,Baramati,Female,54 years,Graduate,93,250,629,629,16,https://prsindia.org/mptrack/17-lok-sabha/supriya-sule,66,38,32,28,27,9,10,14,17,28,14,15,16,10,7,15,21,11,11,18,6,15,13,11,6,14,9,12,5,13,5,5,16,14,6,0,10,19,1,8,2,8,3,1,1,0,1,3,4,1,1,1,4,0,3,1,0,0,0,0,0,0,0
pritam-gopinath-munde,Pritam Gopinath Munde,BJP,Maharashtra,Beed,Female,40 years,Professional Graduate,84,24,501,501,0,https://prsindia.org/mptrack/17-lok-sabha/pritam-gopinath-munde,36,27,34,29,17,17,7,21,20,8,10,16,18,1,15,9,5,6,15,18,15,5,12,10,3,10,4,2,6,10,11,3,4,11,11,2,0,4,3,7,3,2,0,9,5,3,2,3,5,3,1,0,0,0,0,1,2,0,0,0,0,0,0
sunil-baburao-mendhe,Sunil Baburao Mendhe,BJP,Maharashtra,Bhandara-Gondiya,Male,55 years,Information Not Available,90,25,249,249,0,https://prsindia.org/mptrack/17-lok-sabha/sunil-baburao-mendhe,17,7,11,5,7,6,9,9,9,11,4,6,11,6,8,4,12,9,3,7,8,0,3,10,5,5,0,6,1,1,5,6,7,1,4,4,0,1,2,7,2,1,3,0,1,2,1,0,0,0,1,0,0,0,0,0,1,0,0,0,0,0,0
kapil-moreshwar-patil,Kapil Moreshwar Patil,BJP,Maharashtra,Bhiwandi,Male,62 years,Graduate,96,27,118,118,0,https://prsindia.org/mptrack/17-lok-sabha/kapil-moreshwar-patil,8,6,3,1,0,4,3,1,3,1,4,2,3,0,5,2,8,2,2,2,1,1,1,2,0,6,0,1,3,0,3,2,2,10,4,1,2,1,5,2,1,1,0,1,0,1,2,1,1,1,0,0,2,0,0,0,0,0,0,0,0,0,0
jadhav-prataprao-ganpatrao,Jadhav Prataprao Ganpatrao,SS,Maharashtra,Buldhana,Male,63 years,Under Graduate,71,48,473,473,0,https://prsindia.org/mptrack/17-lok-sabha/jadhav-prataprao-ganpatrao,41,29,26,19,16,18,15,3,15,11,11,17,21,19,7,10,6,3,5,7,4,8,12,10,11,7,7,8,11,4,4,7,3,5,8,1,14,2,1,3,5,8,1,2,1,12,3,2,3,0,2,2,1,0,1,0,0,0,1,0,0,0,0
balubhau-dhannorkar,Balubhau Dhannorkar,INC,Maharashtra,Chandrapur,Male,48 years,Information Not Available,65,37,281,281,0,https://prsindia.org/mptrack/17-lok-sabha/balubhau-dhannorkar,27,21,8,28,7,10,10,10,5,11,13,8,9,6,13,8,2,2,5,4,3,3,0,2,2,9,3,0,4,3,3,6,0,2,2,2,3,13,1,2,1,0,3,0,2,0,0,4,1,0,0,0,0,0,0,0,0,0,0,0,0,0,0
subhash-ramrao-bhamre,Subhash Ramrao Bhamre,BJP,Maharashtra,Dhule,Male,70 years,Professional Post Graduate,82,19,605,605,0,https://prsindia.org/mptrack/17-lok-sabha/subhash-ramrao-bhamre,64,37,31,24,24,10,9,10,15,27,13,19,15,13,5,15,19,9,11,23,7,14,12,11,5,15,10,9,5,11,7,5,15,11,6,0,10,16,1,10,2,8,2,1,1,0,1,3,4,1,1,1,4,0,2,1,0,0,0,0,0,0,0
bharti-pravin-pawar,Bharti Pravin Pawar,BJP,Maharashtra,Dindori,Female,45 years,Doctorate,97,51,108,108,0,https://prsindia.org/mptrack/17-lok-sabha/bharti-pravin-pawar,7,15,10,3,0,2,4,5,4,5,0,6,1,4,0,1,2,1,1,5,1,1,1,2,1,0,0,2,0,0,2,0,2,7,0,3,1,1,1,2,2,0,0,0,1,1,0,0,0,0,0,0,1,0,0,0,0,0,0,0,0,0,0
ashok-mahadeorao-nete,Ashok Mahadeorao Nete,BJP,Maharashtra,Gadchiroli-Chimur,Male,55 years,Graduate,87,49,279,279,4,https://prsindia.org/mptrack/17-lok-sabha/ashok-mahadeorao-nete,17,13,14,9,8,11,16,6,2,7,7,5,4,7,12,5,3,4,6,2,5,5,2,2,1,7,15,4,9,1,1,3,5,5,5,20,5,5,0,0,0,2,0,0,1,3,0,10,1,0,0,2,0,2,0,0,0,0,0,0,0,0,0
sambhajirao-mane-dhairyasheel,Sambhajirao Mane Dhairyasheel,SS,Maharashtra,Hatkanangle,Male,43 years,Graduate,77,30,517,517,3,https://prsindia.org/mptrack/17-lok-sabha/sambhajirao-mane-dhairyasheel,35,29,27,19,17,16,18,7,17,9,10,16,10,20,12,9,9,16,11,10,5,8,12,11,14,10,10,9,16,9,9,7,4,4,6,3,10,3,4,3,6,5,2,1,5,7,2,4,3,1,3,1,1,0,1,0,0,0,1,0,0,0,0
hemant-patil,Hemant Patil,SS,Maharashtra,Hingoli,Male,53 years,Information Not Available,58,17,278,278,0,https://prsindia.org/mptrack/17-lok-sabha/hemant-patil,17,12,24,11,8,9,15,3,4,7,5,6,7,4,9,9,9,9,6,5,6,5,2,6,8,4,3,1,6,5,3,3,4,7,1,2,4,4,3,3,2,2,0,2,3,0,1,0,4,1,0,1,2,1,0,0,0,0,0,0,0,0,0
unmesh-bhaiyyasaheb-patil,Unmesh Bhaiyyasaheb Patil,BJP,Maharashtra,Jalgaon,Male,45 years,Graduate,77,133,457,457,8,https://prsindia.org/mptrack/17-lok-sabha/unmesh-bhaiyyasaheb-patil,22,16,27,12,10,12,19,17,7,9,6,14,13,10,11,12,9,14,13,11,6,9,12,13,8,14,10,6,10,10,11,3,8,2,4,10,5,7,4,8,3,3,3,1,6,4,3,2,2,1,3,0,1,0,0,1,0,0,0,0,0,0,0
raosaheb-patil-danve,Raosaheb Patil Danve,BJP,Maharashtra,Jalna,Male,68 years,Under Graduate,N/A,0,0,0,0,https://prsindia.org/mptrack/17-lok-sabha/raosaheb-patil-danve,0,0,0,0,0,0,0,0,0,0,0,0,0,0,0,0,0,0,0,0,0,0,0,0,0,0,0,0,0,0,0,0,0,0,0,0,0,0,0,0,0,0,0,0,0,0,0,0,0,0,0,0,0,0,0,0,0,0,0,0,0,0,0
shrikant-eknath-shinde,Shrikant Eknath Shinde,SS,Maharashtra,Kalyan,Male,37 years,Professional Post Graduate,80,116,574,574,12,https://prsindia.org/mptrack/17-lok-sabha/shrikant-eknath-shinde,33,27,37,11,10,17,19,24,8,11,8,15,19,11,13,10,9,17,12,15,12,10,14,15,12,17,11,6,16,14,12,5,6,11,6,10,5,6,7,12,5,5,4,1,5,3,3,3,4,3,3,0,1,0,0,1,0,0,0,0,0,0,0
sanjay-sadashivrao-mandlik,Sanjay Sadashivrao Mandlik,SS,Maharashtra,Kolhapur,Male,59 years,Information Not Available,63,6,605,605,0,https://prsindia.org/mptrack/17-lok-sabha/sanjay-sadashivrao-mandlik,44,44,30,31,23,30,17,5,21,10,15,23,19,28,7,17,9,11,5,8,5,11,13,9,12,7,5,13,10,6,4,11,6,6,8,3,8,7,2,3,10,13,1,3,1,9,3,3,4,0,2,3,5,0,1,0,0,0,1,0,0,0,0
sudhakar-tukaram-shrangre,Sudhakar Tukaram Shrangre,BJP,Maharashtra,Latur,Male,61 years,Inter/ Higher Secondary,86,68,513,513,3,https://prsindia.org/mptrack/17-lok-sabha/sudhakar-tukaram-shrangre,36,29,17,10,17,8,24,18,14,15,6,14,18,8,14,9,18,13,13,10,6,6,19,11,17,10,16,7,10,4,5,2,7,13,10,7,8,0,8,4,2,2,1,3,2,5,4,2,1,3,0,4,0,0,1,1,1,0,0,0,0,0,0
ranjeetsinha-hindurao-naik-nimbalkar,Ranjeetsinha Hindurao Naik Nimbalkar,BJP,Maharashtra,Madha,Male,46 years,Graduate,62,26,405,405,3,https://prsindia.org/mptrack/17-lok-sabha/ranjeetsinha-hindurao-naik-nimbalkar,34,14,16,5,20,6,14,13,12,6,9,12,16,10,13,13,11,6,6,8,7,8,13,5,11,8,8,7,5,10,7,3,5,2,8,9,1,0,1,8,1,3,2,3,4,5,6,1,1,1,3,1,0,0,2,1,1,0,0,0,0,0,0
shrirang-appa-barne,Shrirang Appa Barne,SS,Maharashtra,Maval,Male,59 years,Matric,94,167,635,635,13,https://prsindia.org/mptrack/17-lok-sabha/shrirang-appa-barne,54,46,33,30,22,28,14,9,19,10,14,24,22,24,9,18,9,10,8,12,6,10,15,12,13,10,6,11,9,9,5,12,8,10,7,1,8,11,2,3,9,9,0,3,1,7,2,3,5,2,2,2,5,0,1,0,0,0,1,0,0,0,0
gopal-chinayya-shetty,Gopal Chinayya Shetty,BJP,Maharashtra,Mumbai-North,Male,70 years,Under Matric,96,114,298,298,19,https://prsindia.org/mptrack/17-lok-sabha/gopal-chinayya-shetty,13,5,11,24,8,19,7,4,4,15,25,8,5,6,9,4,3,9,5,1,1,18,2,1,2,3,4,7,6,3,3,9,12,7,5,1,2,1,9,0,0,2,3,1,0,4,1,1,0,4,0,1,0,0,0,0,0,0,0,0,0,0,0
poonam-mahajan-alias-poonam-vajendla-rao,Poonam Mahajan Alias Poonam Vajendla Rao,BJP,Maharashtra,Mumbai-North-Central,Female,43 years,Graduate,86,7,307,307,0,https://prsindia.org/mptrack/17-lok-sabha/poonam-mahajan-alias-poonam-vajendla-rao,12,14,8,9,6,15,6,9,7,10,6,8,8,5,8,6,10,3,4,5,9,8,6,5,4,6,5,8,8,9,6,2,3,1,5,3,6,6,7,6,10,4,2,2,5,3,4,0,2,1,0,2,0,0,0,0,0,0,0,0,0,0,0
manoj-kotak-kishorbhai,Manoj Kotak Kishorbhai,BJP,Maharashtra,Mumbai-North-East,Male,51 years,Matric,98,53,367,367,7,https://prsindia.org/mptrack/17-lok-sabha/manoj-kotak-kishorbhai,23,8,22,15,10,18,5,5,8,16,2,21,4,11,2,5,6,6,10,7,14,4,1,6,7,4,10,4,5,10,6,8,7,3,7,10,11,0,1,7,4,3,0,10,5,3,5,1,3,1,1,0,2,0,0,0,0,0,0,0,0,0,0
gajanan-chandrakant-kirtikar,Gajanan Chandrakant Kirtikar,SS,Maharashtra,Mumbai-North-West,Male,80 years,Graduate,71,41,580,580,0,https://prsindia.org/mptrack/17-lok-sabha/gajanan-chandrakant-kirtikar,43,42,26,28,23,17,15,14,23,19,11,26,13,13,14,16,11,8,14,24,5,14,7,11,6,16,11,12,3,1,5,4,6,8,6,3,7,12,3,9,5,14,0,0,0,3,0,1,1,2,0,1,3,0,0,0,0,0,1,0,0,0,0
arvind-sawant,Arvind Sawant,SS,Maharashtra,Mumbai-South,Male,72 years,Graduate,91,109,245,245,1,https://prsindia.org/mptrack/17-lok-sabha/arvind-sawant,13,13,9,15,5,16,7,4,7,11,12,6,10,3,10,2,4,9,5,5,6,7,4,2,3,4,3,2,2,3,5,4,4,2,2,3,0,1,3,1,0,2,0,9,1,2,1,0,0,1,1,0,1,0,0,0,0,0,0,0,0,0,0
rahul-ramesh-shewale,Rahul Ramesh Shewale,SS,Maharashtra,Mumbai-South-Central,Male,50 years,Diploma Course,94,143,531,531,13,https://prsindia.org/mptrack/17-lok-sabha/rahul-ramesh-shewale,40,31,37,38,23,20,13,17,18,13,15,16,12,7,10,14,5,9,14,17,12,7,11,8,9,14,6,2,7,7,9,4,4,6,6,2,3,5,3,7,4,0,1,10,4,1,1,1,2,1,1,0,1,0,0,1,2,0,0,0,0,0,0
nitin-jairam-gadkari,Nitin Jairam Gadkari,BJP,Maharashtra,Nagpur,Male,66 years,Post Graduate,N/A,0,0,0,0,https://prsindia.org/mptrack/17-lok-sabha/nitin-jairam-gadkari,0,0,0,0,0,0,0,0,0,0,0,0,0,0,0,0,0,0,0,0,0,0,0,0,0,0,0,0,0,0,0,0,0,0,0,0,0,0,0,0,0,0,0,0,0,0,0,0,0,0,0,0,0,0,0,0,0,0,0,0,0,0,0
prataprao-patil-chikhalikar,Prataprao Patil Chikhalikar,BJP,Maharashtra,Nanded,Male,62 years,Inter/ Higher Secondary,69,18,153,153,0,https://prsindia.org/mptrack/17-lok-sabha/prataprao-patil-chikhalikar,8,6,15,4,5,4,2,5,4,5,3,2,7,5,4,3,7,4,4,2,2,2,2,4,1,0,5,0,4,0,1,0,5,3,3,3,3,0,3,3,0,1,2,2,0,0,1,0,2,0,1,0,0,1,0,0,0,0,0,0,0,0,0
heena-vaijaykumar-gavit,Heena Vaijaykumar Gavit,BJP,Maharashtra,Nandurbar,Female,36 years,Professional Post Graduate,89,78,550,550,9,https://prsindia.org/mptrack/17-lok-sabha/heena-vaijaykumar-gavit,34,26,29,14,9,14,22,22,11,19,8,15,15,7,12,9,8,12,8,14,10,16,14,14,8,15,13,6,10,12,8,3,7,11,7,12,5,15,4,13,6,7,3,1,4,2,4,4,3,0,3,0,1,0,0,1,0,0,0,0,0,0,0
godse-hemant-tukaram,Godse Hemant Tukaram,SS,Maharashtra,Nashik,Male,53 years,Diploma Course,87,10,280,280,0,https://prsindia.org/mptrack/17-lok-sabha/godse-hemant-tukaram,7,10,6,8,7,7,1,12,6,9,3,6,4,5,15,5,12,0,6,13,7,6,7,3,5,11,1,5,0,7,12,3,3,0,1,4,3,5,5,13,9,8,2,3,2,2,3,1,2,2,0,3,0,0,0,0,0,0,0,0,0,0,0
omprakash,Omprakash,SS,Maharashtra,Osmanabad,Male,40 years,Professional Graduate,92,71,362,362,1,https://prsindia.org/mptrack/17-lok-sabha/omprakash,30,15,27,21,12,9,11,8,12,12,11,4,13,7,19,8,13,11,5,15,5,7,7,8,8,6,2,1,4,4,9,2,4,4,3,3,2,4,1,2,4,0,1,0,1,0,2,1,2,0,0,2,0,0,0,0,0,0,0,0,0,0,0
rajendra-dhedya-gavit,Rajendra Dhedya Gavit,SS,Maharashtra,Palghar,Male,56 years,Graduate,68,31,274,274,0,https://prsindia.org/mptrack/17-lok-sabha/rajendra-dhedya-gavit,11,15,17,6,6,10,9,9,11,6,7,5,7,6,5,9,9,6,4,3,5,3,10,6,5,6,3,6,5,0,4,2,3,2,0,9,1,3,6,6,4,6,1,4,1,1,2,1,2,4,0,0,1,0,1,0,0,0,0,0,0,0,0
sanjay-bandu-haribhau-jadhav,Sanjay (Bandu) Haribhau Jadhav,SS,Maharashtra,Parbhani,Male,56 years,Matric,49,12,346,346,0,https://prsindia.org/mptrack/17-lok-sabha/sanjay-bandu-haribhau-jadhav,28,25,26,19,10,7,13,8,10,14,8,4,17,6,20,10,11,14,5,13,5,7,3,3,5,2,1,1,1,4,9,3,8,1,4,5,0,1,0,4,2,0,0,2,0,2,3,0,1,1,0,0,0,0,0,0,0,0,0,0,0,0,0
girish-bhalchandra-bapat,Girish Bhalchandra Bapat,BJP,Maharashtra,Pune,Male,74 years,Graduate,68,27,367,367,1,https://prsindia.org/mptrack/17-lok-sabha/girish-bhalchandra-bapat,27,18,23,19,16,14,9,16,16,8,8,12,13,4,12,7,3,8,11,9,9,3,11,6,2,7,1,1,5,7,8,2,5,6,7,1,0,3,1,6,1,0,0,7,3,4,1,2,2,2,1,0,0,0,0,0,0,0,0,0,0,0,0
tatkare-sunil-dattatray,Tatkare Sunil Dattatray,NCP,Maharashtra,Raigad,Male,68 years,Information Not Available,66,42,527,527,0,https://prsindia.org/mptrack/17-lok-sabha/tatkare-sunil-dattatray,54,36,29,20,25,8,8,14,14,18,9,13,13,10,5,13,11,6,10,22,8,12,11,5,4,14,9,8,6,10,4,3,9,13,9,1,7,18,2,7,4,8,2,1,1,0,1,4,3,0,1,1,3,0,0,0,0,0,0,0,0,0,0
krupal-balaji-tumane,Krupal Balaji Tumane,SS,Maharashtra,Ramtek,Male,58 years,Graduate,87,31,379,379,3,https://prsindia.org/mptrack/17-lok-sabha/krupal-balaji-tumane,27,16,18,19,8,16,17,14,4,17,8,10,13,3,22,8,5,12,8,4,7,3,2,7,5,5,3,4,9,11,10,6,6,5,4,3,2,9,2,4,3,0,1,0,2,0,5,4,6,0,1,1,0,0,0,0,0,0,0,0,0,0,0
vinayak-bhaurao-raut,Vinayak Bhaurao Raut,SS,Maharashtra,Ratnagiri-Sindhudurg,Male,69 years,Post Graduate,73,108,469,469,2,https://prsindia.org/mptrack/17-lok-sabha/vinayak-bhaurao-raut,39,26,27,22,11,13,20,14,9,15,15,14,17,5,20,8,15,13,8,15,5,10,10,9,6,6,5,7,4,11,9,5,8,11,2,3,4,6,1,3,3,2,1,1,0,2,3,1,2,1,0,1,1,0,0,0,0,0,0,0,0,0,0
raksha-nikhil-khadase,Raksha Nikhil Khadase,BJP,Maharashtra,Raver,Female,36 years,Graduate,76,69,400,400,0,https://prsindia.org/mptrack/17-lok-sabha/raksha-nikhil-khadase,26,19,18,13,11,13,13,8,9,9,5,8,3,9,5,7,11,5,8,7,11,7,7,4,10,9,9,6,4,12,6,8,9,5,7,16,10,0,8,4,8,7,0,7,2,4,5,2,2,1,1,1,0,0,0,0,0,0,0,0,0,1,0
sanjaykaka-patil,Sanjaykaka Patil,BJP,Maharashtra,Sangli,Male,59 years,Inter/ Higher Secondary,48,9,302,302,0,https://prsindia.org/mptrack/17-lok-sabha/sanjaykaka-patil,22,13,11,10,10,9,8,6,5,8,5,9,17,5,6,10,11,6,6,5,3,9,5,6,4,7,3,7,4,4,8,1,1,3,4,4,5,3,7,8,6,1,3,0,5,3,0,1,1,0,2,1,0,0,0,0,0,0,0,1,0,0,0
shrimant-chh-udyanraje-pratapsinhmaharaj-bhonsle,Shrimant Chh. Udyanraje Pratapsinhmaharaj Bhonsle,BJP,Maharashtra,Satara,Male,57 years,Diploma Course,16,0,0,0,0,https://prsindia.org/mptrack/17-lok-sabha/shrimant-chh-udyanraje-pratapsinhmaharaj-bhonsle,0,0,0,0,0,0,0,0,0,0,0,0,0,0,0,0,0,0,0,0,0,0,0,0,0,0,0,0,0,0,0,0,0,0,0,0,0,0,0,0,0,0,0,0,0,0,0,0,0,0,0,0,0,0,0,0,0,0,0,0,0,0,0
shriniwas-dadasaheb-patil,Shriniwas Dadasaheb Patil,NCP,Maharashtra,Satara,Male,82 years,Post Graduate,75,36,230,230,0,https://prsindia.org/mptrack/17-lok-sabha/shriniwas-dadasaheb-patil,20,14,20,6,13,9,8,8,18,4,3,4,4,2,8,5,3,11,0,1,3,7,3,5,2,2,3,5,5,4,1,2,6,4,1,0,2,0,2,1,4,1,1,0,0,1,3,0,0,0,0,0,0,0,1,0,0,0,0,0,0,0,0
sadashiv-kisan-lokhande,Sadashiv Kisan Lokhande,SS,Maharashtra,Shirdi,Male,61 years,Inter/ Higher Secondary,70,7,181,181,0,https://prsindia.org/mptrack/17-lok-sabha/sadashiv-kisan-lokhande,12,12,10,8,3,8,1,5,5,9,3,3,8,1,8,2,1,11,5,7,2,6,4,6,0,3,1,0,1,1,2,3,1,7,4,3,4,2,2,0,0,3,1,0,2,0,0,0,0,0,0,1,0,0,0,0,0,0,0,0,0,0,0
amol-ramsing-kolhe,Amol Ramsing Kolhe,NCP,Maharashtra,Shirur,Male,43 years,Professional Graduate,61,29,621,621,0,https://prsindia.org/mptrack/17-lok-sabha/amol-ramsing-kolhe,69,40,33,25,27,9,9,13,16,28,14,16,15,11,4,17,18,9,11,18,6,15,14,11,5,15,8,11,5,13,5,5,16,12,8,0,10,19,1,8,2,7,3,1,1,0,1,3,4,1,1,1,4,0,2,1,0,0,0,0,0,0,0
jai-sidheshwar-shivachary-mahaswamiji,Jai Sidheshwar Shivachary Mahaswamiji,BJP,Maharashtra,Solapur,Male,68 years,Doctorate,77,28,112,112,0,https://prsindia.org/mptrack/17-lok-sabha/jai-sidheshwar-shivachary-mahaswamiji,12,3,11,5,4,4,2,5,8,5,4,4,2,5,1,2,3,2,2,2,1,1,2,4,1,2,1,2,1,0,1,0,3,0,1,1,0,0,0,1,0,0,0,0,1,1,1,0,0,0,1,0,0,0,0,0,0,0,0,0,0,0,0
rajan-baburao-vichare,Rajan Baburao Vichare,SS,Maharashtra,Thane,Male,62 years,Inter/ Higher Secondary,66,26,281,281,0,https://prsindia.org/mptrack/17-lok-sabha/rajan-baburao-vichare,14,7,22,13,9,8,7,10,10,12,8,1,15,3,4,8,13,8,5,6,6,2,5,3,4,3,11,4,3,0,5,5,5,5,2,4,2,0,4,4,2,5,2,0,4,1,3,1,0,0,0,0,3,0,0,0,0,0,0,0,0,0,0
ramdas-chandrabhanji-tadas,Ramdas Chandrabhanji Tadas,BJP,Maharashtra,Wardha,Male,70 years,Under Graduate,90,59,349,349,1,https://prsindia.org/mptrack/17-lok-sabha/ramdas-chandrabhanji-tadas,27,16,20,15,10,18,12,15,17,8,2,10,9,5,15,5,7,8,12,5,9,2,7,6,2,2,5,5,4,5,2,2,7,3,1,7,4,7,3,5,5,2,1,2,1,1,3,5,3,0,0,1,0,0,0,1,0,0,0,0,0,0,0
bhavana-pundlikrao-gawali-patil,Bhavana Pundlikrao Gawali Patil,SS,Maharashtra,Yavatmal-Washim,Female,50 years,Graduate,42,12,222,222,0,https://prsindia.org/mptrack/17-lok-sabha/bhavana-pundlikrao-gawali-patil,16,12,20,7,11,7,8,20,3,12,5,7,9,1,15,4,2,5,2,3,3,1,3,3,0,1,1,3,0,5,9,0,3,0,1,0,1,1,2,2,1,0,1,0,2,0,3,1,4,0,1,1,0,0,0,0,0,0,0,0,0,0,0
rajkumar-ranjan-singh,Rajkumar Ranjan Singh,BJP,Manipur,Inner Manipur,Male,71 years,Doctorate,94,20,10,10,0,https://prsindia.org/mptrack/17-lok-sabha/rajkumar-ranjan-singh,0,0,2,0,0,1,0,0,0,0,1,0,0,0,0,0,0,0,0,1,0,0,1,0,0,0,0,0,0,0,0,0,2,2,0,0,0,0,0,0,0,0,0,0,0,0,0,0,0,0,0,0,0,0,0,0,0,0,0,0,0,0,0
lorho-s-pfoze,Lorho S. Pfoze,MP Party Name,Manipur,Outer Manipur,Male,64 years,Doctorate,83,8,39,39,0,https://prsindia.org/mptrack/17-lok-sabha/lorho-s-pfoze,6,0,0,0,4,0,0,2,3,1,0,1,0,0,0,2,0,1,1,1,0,1,0,0,1,0,2,0,0,2,0,0,0,3,1,2,0,0,1,1,0,0,1,1,0,0,0,0,0,0,0,0,0,1,0,0,0,0,0,0,0,0,0
vincent-h-pala,Vincent H Pala,INC,Meghalaya,Shillong,Male,56 years,Professional Graduate,79,17,235,235,2,https://prsindia.org/mptrack/17-lok-sabha/vincent-h-pala,25,13,2,17,9,4,9,10,6,4,15,12,5,7,2,6,1,5,4,1,2,6,3,2,3,0,5,0,0,3,2,1,2,3,3,2,2,5,5,1,4,4,0,1,4,1,1,1,0,2,0,0,1,9,0,0,0,0,0,0,0,0,0
agatha-k-sangma,Agatha K. Sangma,NPP,Meghalaya,Tura,Female,43 years,Post Graduate,76,20,40,40,0,https://prsindia.org/mptrack/17-lok-sabha/agatha-k-sangma,5,2,0,0,4,1,1,2,3,0,2,0,0,0,0,3,0,0,0,3,0,1,0,1,1,0,0,0,1,2,1,1,2,0,0,0,0,0,0,0,0,0,0,0,0,0,0,0,0,1,0,0,1,2,0,0,0,0,0,0,0,0,0
c-lalrosanga,C. Lalrosanga,MNF,Mizoram,Mizoram,Male,66 years,Information Not Available,62,3,51,51,0,https://prsindia.org/mptrack/17-lok-sabha/c-lalrosanga,9,0,3,3,6,0,0,0,0,0,0,0,0,2,1,1,0,2,0,0,0,0,0,1,1,0,0,0,0,0,0,1,0,0,4,0,11,0,1,1,0,0,0,0,0,0,0,0,1,1,0,0,0,1,0,0,0,0,0,1,0,0,0
tokheho,Tokheho,NDPP,Nagaland,Nagaland,Male,67 years,Information not available,56,7,56,56,0,https://prsindia.org/mptrack/17-lok-sabha/tokheho,5,3,1,0,0,0,0,1,9,0,6,1,0,1,1,3,0,0,4,0,0,1,2,2,0,0,1,0,1,0,0,0,1,0,1,7,0,0,0,0,0,0,1,0,1,0,1,0,0,0,0,0,0,2,0,0,0,0,0,0,0,0,0
pramila-bisoyi,Pramila Bisoyi,BJD,Odisha,Aska,Female,75 years,Under Matric,70,8,54,54,0,https://prsindia.org/mptrack/17-lok-sabha/pramila-bisoyi,3,5,2,4,5,0,3,8,1,3,2,0,1,0,4,3,0,2,1,0,0,0,0,0,0,0,1,0,0,2,0,0,0,1,0,1,0,1,0,0,0,0,1,0,0,0,0,0,0,0,0,0,0,0,0,0,0,0,0,0,0,0,0
pratap-chandra-sarangi,Pratap Chandra Sarangi,BJP,Odisha,Balasore,Male,69 years,Information Not Available,89,16,231,231,0,https://prsindia.org/mptrack/17-lok-sabha/pratap-chandra-sarangi,9,4,11,2,8,9,8,17,7,7,2,4,6,6,6,3,2,3,4,9,5,2,7,6,6,10,7,2,3,9,6,1,4,0,3,6,2,4,3,3,1,2,0,4,1,0,1,2,0,0,0,0,0,1,1,0,1,0,0,0,1,0,0
suresh-pujari,Suresh Pujari,BJP,Odisha,Bargarh,Male,63 years,Information Not Available,92,43,31,31,0,https://prsindia.org/mptrack/17-lok-sabha/suresh-pujari,2,0,1,0,0,1,2,0,2,0,0,1,0,0,4,0,1,1,0,3,0,1,0,1,0,0,0,2,2,0,0,0,0,0,1,5,1,0,0,0,0,0,0,0,0,0,0,0,0,0,0,0,0,0,0,0,0,0,0,0,0,0,0
chandra-sekhar-sahu,Chandra Sekhar Sahu,BJD,Odisha,Berhampur,Male,73 years,Professional Graduate,65,48,531,531,0,https://prsindia.org/mptrack/17-lok-sabha/chandra-sekhar-sahu,33,30,35,25,28,20,9,21,22,13,14,14,18,10,11,8,7,13,12,22,10,6,11,11,6,11,2,8,4,8,10,2,3,2,9,3,0,8,1,8,3,3,0,10,6,6,2,4,4,1,1,0,0,0,0,1,2,0,0,0,0,0,0
manjulata-mandal,Manjulata Mandal,BJD,Odisha,Bhadrak,Female,47 years,Information Not Available,81,20,261,261,0,https://prsindia.org/mptrack/17-lok-sabha/manjulata-mandal,21,16,9,9,15,5,0,7,9,15,5,10,4,9,5,4,8,2,4,22,4,3,6,7,1,10,1,8,1,1,6,1,1,0,0,0,4,9,0,8,0,2,0,0,0,0,0,3,0,0,0,0,0,0,4,1,1,0,0,0,0,0,0
aparajita-sarangi,Aparajita Sarangi,BJP,Odisha,Bhubaneswar,Female,54 years,Graduate,85,36,212,212,0,https://prsindia.org/mptrack/17-lok-sabha/aparajita-sarangi,10,9,5,5,9,10,7,11,3,10,10,4,8,3,8,2,2,6,1,4,4,7,3,4,6,9,4,3,1,2,4,0,1,1,2,3,2,3,1,1,1,0,1,1,4,2,3,3,2,1,1,2,1,1,0,1,0,0,0,0,0,0,0
sangeeta-kumari-singh-deo,Sangeeta Kumari Singh Deo,BJP,Odisha,Bolangir,Female,62 years,Graduate,92,49,502,502,1,https://prsindia.org/mptrack/17-lok-sabha/sangeeta-kumari-singh-deo,32,17,18,27,20,16,12,17,11,22,6,16,14,9,15,9,6,6,4,13,16,8,9,5,11,12,13,7,8,3,6,6,2,8,9,4,12,4,6,10,5,13,1,4,6,3,3,3,0,2,4,3,2,2,1,0,0,0,0,1,0,0,0
bhartruhari-mahtab,Bhartruhari Mahtab,BJD,Odisha,Cuttack,Male,66 years,Post Graduate,91,185,311,311,10,https://prsindia.org/mptrack/17-lok-sabha/bhartruhari-mahtab,36,11,12,24,5,13,12,13,3,7,8,6,9,13,8,12,1,10,6,4,6,2,4,4,10,3,8,4,3,5,2,5,2,5,2,2,3,4,3,0,2,3,2,3,2,0,1,1,1,2,2,0,1,0,0,1,0,0,0,0,0,0,0
mahesh-sahoo,Mahesh Sahoo,BJD,Odisha,Dhenkanal,Male,63 years,Diploma Course,62,35,204,204,0,https://prsindia.org/mptrack/17-lok-sabha/mahesh-sahoo,15,10,8,12,3,6,4,10,10,10,4,3,6,4,9,3,4,0,5,0,3,1,1,4,1,3,6,5,0,1,5,1,1,2,4,6,0,15,0,0,2,0,0,1,1,0,6,3,1,1,0,3,0,0,1,0,0,0,0,0,0,0,0
rajashree-mallick,Rajashree Mallick,BJD,Odisha,Jagatsinghpur,Female,59 years,Doctorate,49,14,60,60,0,https://prsindia.org/mptrack/17-lok-sabha/rajashree-mallick,5,4,2,2,1,0,2,4,3,3,0,0,1,0,1,1,1,2,0,2,1,0,3,2,2,2,1,1,0,1,2,0,1,0,1,0,0,0,0,0,2,2,2,3,0,0,0,0,0,0,0,0,0,0,0,0,0,0,0,0,0,0,0
sarmistha-sethi,Sarmistha Sethi,BJD,Odisha,Jajpur,Female,50 years,Information Not Available,58,32,214,214,0,https://prsindia.org/mptrack/17-lok-sabha/sarmistha-sethi,15,13,11,7,7,6,7,6,7,4,7,5,5,5,2,5,6,1,0,3,6,3,2,2,2,1,7,5,4,6,1,7,1,1,3,6,3,2,4,5,1,2,2,6,0,0,2,1,2,0,1,3,0,0,0,0,0,0,1,0,0,0,0
basanta-kumar-panda,Basanta Kumar Panda,BJP,Odisha,Kalahandi,Male,62 years,Information Not Available,89,34,231,231,0,https://prsindia.org/mptrack/17-lok-sabha/basanta-kumar-panda,17,11,13,6,7,4,7,7,8,10,1,3,9,7,11,7,10,9,2,5,3,6,8,2,1,3,1,9,3,1,5,5,3,0,2,7,1,2,1,2,1,1,3,0,1,1,3,0,1,0,0,1,0,0,0,0,0,0,0,0,0,0,0
achyutananda-samanta,Achyutananda Samanta,BJD,Odisha,Kandhamal,Male,60 years,Doctorate,66,33,169,169,0,https://prsindia.org/mptrack/17-lok-sabha/achyutananda-samanta,10,6,13,5,8,7,4,6,5,5,1,4,3,7,4,4,3,4,3,3,3,1,5,6,2,4,4,3,5,2,1,3,3,1,2,7,1,1,0,0,0,2,1,1,2,1,1,0,0,0,1,0,1,0,0,0,0,0,0,0,0,0,0
anubhav-mohanty,Anubhav Mohanty,BJD,Odisha,Kendrapara,Male,42 years,Graduate,76,82,168,168,3,https://prsindia.org/mptrack/17-lok-sabha/anubhav-mohanty,9,9,5,4,4,8,8,4,4,4,1,2,7,5,6,6,2,4,3,5,5,6,4,1,2,3,1,5,5,4,0,0,2,2,1,4,0,4,3,3,1,0,4,0,2,2,2,1,0,0,0,0,0,0,0,0,0,1,0,0,0,0,0
chandrani-murmu,Chandrani Murmu,BJD,Odisha,Keonjhar,Female,30 years,Professional Graduate,80,18,121,121,0,https://prsindia.org/mptrack/17-lok-sabha/chandrani-murmu,9,6,1,1,2,7,6,10,9,1,2,4,6,0,8,1,0,1,1,0,0,3,0,3,0,1,2,1,0,2,2,1,0,0,1,8,1,1,1,1,1,1,0,0,0,0,4,8,0,2,0,1,1,0,0,0,0,0,0,0,0,0,0
saptagiri-sankar-ulaka,Saptagiri Sankar Ulaka,INC,Odisha,Koraput,Male,45 years,Professional Graduate,90,124,240,240,2,https://prsindia.org/mptrack/17-lok-sabha/saptagiri-sankar-ulaka,31,11,19,4,9,8,6,5,15,3,8,2,3,13,9,5,4,5,3,3,4,7,0,5,3,5,4,3,2,1,1,2,3,1,2,17,2,1,1,0,1,1,1,0,0,0,1,2,0,4,0,0,0,0,0,0,0,0,0,0,0,0,0
bishweswar-tudu,Bishweswar Tudu,BJP,Odisha,Mayurbhanj,Male,58 years,Diploma Course,88,6,0,0,0,https://prsindia.org/mptrack/17-lok-sabha/bishweswar-tudu,0,0,0,0,0,0,0,0,0,0,0,0,0,0,0,0,0,0,0,0,0,0,0,0,0,0,0,0,0,0,0,0,0,0,0,0,0,0,0,0,0,0,0,0,0,0,0,0,0,0,0,0,0,0,0,0,0,0,0,0,0,0,0
ramesh-chandra-majhi,Ramesh Chandra Majhi,BJD,Odisha,Nabarangpur,Male,45 years,Graduate,65,28,120,120,0,https://prsindia.org/mptrack/17-lok-sabha/ramesh-chandra-majhi,9,7,4,6,3,1,2,6,8,3,1,0,1,4,8,3,3,7,1,2,2,0,1,3,0,2,0,0,0,1,6,0,3,1,2,8,0,2,0,4,1,0,0,0,0,0,0,2,1,0,1,0,1,0,0,0,0,0,0,0,0,0,0
pinaki-misra,Pinaki Misra,BJD,Odisha,Puri,Male,64 years,Professional Graduate,93,46,201,201,0,https://prsindia.org/mptrack/17-lok-sabha/pinaki-misra,12,6,5,12,1,18,7,6,6,2,12,5,4,8,4,2,1,5,3,3,1,9,6,1,2,3,5,1,2,2,1,4,2,4,3,4,2,3,5,0,3,3,1,5,0,1,2,4,0,0,0,0,0,0,0,0,0,0,0,0,0,0,0
nitesh-ganga-deb,Nitesh Ganga Deb,BJP,Odisha,Sambalpur,Male,51 years,Inter/ Higher Secondary,92,22,98,98,0,https://prsindia.org/mptrack/17-lok-sabha/nitesh-ganga-deb,8,6,10,9,1,4,4,1,5,1,11,4,0,3,0,3,3,4,2,0,1,0,0,0,5,0,0,0,5,2,0,1,0,1,2,0,0,0,1,0,0,0,0,0,1,0,0,0,0,0,0,0,0,0,0,0,0,0,0,0,0,0,0
jual-juel-oram,Jual @ Juel Oram,BJP,Odisha,Sundargarh,Male,62 years,others,88,6,230,230,0,https://prsindia.org/mptrack/17-lok-sabha/jual-juel-oram,17,17,12,9,7,10,10,6,9,4,4,10,6,8,5,1,8,3,1,3,4,4,4,7,0,5,0,9,4,1,2,0,0,2,4,1,5,2,0,3,1,3,0,2,3,0,0,10,1,0,0,2,0,0,1,0,0,0,0,0,0,0,0
ve-vaithilingam,Ve. Vaithilingam,INC,Puducherry,Puducherry,Male,73 years,Information Not Available,70,28,63,63,0,https://prsindia.org/mptrack/17-lok-sabha/ve-vaithilingam,5,0,5,7,4,0,1,1,9,4,7,0,0,2,0,1,0,1,0,1,0,0,2,0,0,1,0,0,2,0,0,0,0,1,2,0,1,0,0,0,0,0,0,2,1,1,0,0,0,0,0,1,1,0,0,0,0,0,0,0,0,0,0
gurjeet-singh-aujla,Gurjeet Singh Aujla,INC,Punjab,Amritsar,Male,51 years,Inter/ Higher Secondary,86,45,110,110,0,https://prsindia.org/mptrack/17-lok-sabha/gurjeet-singh-aujla,7,5,4,6,3,4,1,2,5,3,8,4,2,13,2,3,2,1,0,3,1,1,1,3,0,0,0,1,1,1,3,6,1,0,1,1,2,1,2,0,0,0,0,1,2,0,0,0,1,2,0,0,0,0,0,0,0,0,0,0,0,0,0
manish-tewari,Manish Tewari,INC,Punjab,Anandpur Sahib,Male,58 years,Graduate,95,79,212,212,6,https://prsindia.org/mptrack/17-lok-sabha/manish-tewari,15,7,0,36,2,5,3,0,11,5,16,4,3,17,0,3,0,5,3,1,2,6,0,2,5,0,0,2,7,1,0,9,0,1,3,0,21,1,7,0,3,1,0,0,1,1,1,1,0,1,0,0,0,0,0,0,0,0,0,0,0,0,0
harsimrat-kaur-badal,Harsimrat Kaur Badal,SAD,Punjab,Bathinda,Female,57 years,Graduate,61,24,83,83,0,https://prsindia.org/mptrack/17-lok-sabha/harsimrat-kaur-badal,9,6,0,9,4,1,6,1,4,1,3,3,0,2,2,10,0,0,2,0,3,0,0,1,0,0,4,2,2,0,0,4,0,0,1,0,1,0,0,0,0,0,0,0,0,0,0,0,0,1,0,1,0,0,0,0,0,0,0,0,0,0,0
mohammad-sadique,Mohammad Sadique,INC,Punjab,Faridkot,Male,84 years,Under Matric,64,14,2,2,0,https://prsindia.org/mptrack/17-lok-sabha/mohammad-sadique,0,0,1,0,0,0,0,0,1,0,0,0,0,0,0,0,0,0,0,0,0,0,0,0,0,0,0,0,0,0,0,0,0,0,0,0,0,0,0,0,0,0,0,0,0,0,0,0,0,0,0,0,0,0,0,0,0,0,0,0,0,0,0
amar-singh,Amar Singh,INC,Punjab,Fatehgarh Sahib,Male,70 years,Professional Graduate,86,56,217,217,0,https://prsindia.org/mptrack/17-lok-sabha/amar-singh,19,11,5,6,7,8,11,8,3,6,3,5,8,11,5,7,6,2,5,1,9,2,2,4,11,7,4,2,5,1,7,3,2,1,1,1,1,2,0,0,1,0,1,1,2,0,1,3,2,3,0,0,0,1,0,0,0,0,0,0,0,0,0
sukhbir-singh-badal,Sukhbir Singh Badal,SAD,Punjab,Ferozpur,Male,61 years,Information Not Available,20,7,34,34,0,https://prsindia.org/mptrack/17-lok-sabha/sukhbir-singh-badal,4,8,1,5,0,0,4,0,0,1,1,1,0,4,3,0,0,0,0,0,0,0,0,0,0,0,0,0,0,1,0,0,0,0,0,0,0,0,0,0,0,0,0,0,0,0,0,0,0,1,0,0,0,0,0,0,0,0,0,0,0,0,0
ajay-singh-dharmendra-deol,Ajay Singh Dharmendra Deol,BJP,Punjab,Gurdaspur,Male,66 years,Information Not Available,17,0,4,4,0,https://prsindia.org/mptrack/17-lok-sabha/ajay-singh-dharmendra-deol,0,0,0,0,0,1,0,0,0,0,0,0,0,0,1,0,0,0,0,0,0,0,0,1,0,0,0,0,0,0,0,0,0,0,0,0,0,0,0,0,0,0,0,0,0,0,1,0,0,0,0,0,0,0,0,0,0,0,0,0,0,0,0
som-prakash,Som Prakash,BJP,Punjab,Hoshiarpur,Male,74 years,Post Graduate,N/A,0,0,0,0,https://prsindia.org/mptrack/17-lok-sabha/som-prakash,0,0,0,0,0,0,0,0,0,0,0,0,0,0,0,0,0,0,0,0,0,0,0,0,0,0,0,0,0,0,0,0,0,0,0,0,0,0,0,0,0,0,0,0,0,0,0,0,0,0,0,0,0,0,0,0,0,0,0,0,0,0,0
santokh-singh-chaudhary,Santokh Singh Chaudhary,INC,Punjab,Jalandhar,Male,77 years,Professional Graduate,82,19,45,45,2,https://prsindia.org/mptrack/17-lok-sabha/santokh-singh-chaudhary,4,2,0,2,0,1,1,2,0,3,0,0,3,1,2,1,0,2,0,0,0,1,1,0,1,3,0,2,2,1,0,0,1,1,0,1,0,1,1,0,1,2,1,0,0,1,0,0,0,0,0,0,0,0,0,0,0,0,0,0,0,0,0
sushil-kumar-rinku,Sushil Kumar Rinku,AAP,Punjab,Jalandhar,Male,,Inter/ Higher Secondary,64,7,19,19,0,https://prsindia.org/mptrack/17-lok-sabha/sushil-kumar-rinku,0,1,0,2,1,0,2,0,0,1,0,2,1,0,1,0,1,0,0,0,0,0,0,0,0,0,0,0,0,0,0,1,1,0,0,0,0,0,0,2,0,0,0,0,0,0,1,0,0,0,0,0,0,0,1,1,0,0,0,0,0,0,0
jasbir-singh,Jasbir Singh,INC,Punjab,Khadoor Sahib,Male,,Certificate Course,93,75,102,102,2,https://prsindia.org/mptrack/17-lok-sabha/jasbir-singh,5,5,5,10,0,6,2,0,9,1,12,4,1,2,3,7,0,0,4,0,1,7,1,0,0,1,0,1,1,1,1,3,1,0,3,0,0,2,1,0,0,0,0,1,0,0,0,0,0,0,0,0,0,0,0,0,0,1,0,0,0,0,0
ravneet-singh,Ravneet Singh,INC,Punjab,Ludhiana,Male,48 years,Graduate,90,56,367,367,5,https://prsindia.org/mptrack/17-lok-sabha/ravneet-singh,37,23,11,25,10,14,4,5,12,7,18,10,5,12,1,8,0,4,8,5,4,6,3,3,7,5,5,10,11,4,6,13,5,1,8,0,4,5,7,2,5,3,0,5,4,8,1,1,2,4,1,1,2,0,0,1,0,1,0,0,0,0,0
preneet-kaur,Preneet Kaur,INC,Punjab,Patiala,Female,79 years,Graduate,85,18,27,27,0,https://prsindia.org/mptrack/17-lok-sabha/preneet-kaur,3,7,1,1,0,1,2,0,0,0,2,0,1,1,0,1,0,0,1,0,1,0,0,0,0,0,0,0,1,0,0,3,1,0,0,0,0,0,0,0,0,0,0,0,0,0,0,0,0,0,0,0,0,0,0,0,0,0,0,0,0,0,0
bhagwant-mann,Bhagwant Mann,AAP,Punjab,Sangrur,Male,50 years,Under Graduate,54,41,43,43,0,https://prsindia.org/mptrack/17-lok-sabha/bhagwant-mann,1,1,4,0,1,0,2,1,1,1,2,0,0,1,2,1,1,1,2,0,1,1,0,2,0,0,0,2,0,1,0,3,3,0,0,0,1,0,1,1,1,1,1,0,0,2,0,0,0,0,0,0,0,0,0,0,0,0,0,0,0,0,0
simranjit-singh-mann,Simranjit Singh Mann,SAD,Punjab,Sangrur,Male,78 years,Graduate,85,10,0,0,0,https://prsindia.org/mptrack/17-lok-sabha/simranjit-singh-mann,0,0,0,0,0,0,0,0,0,0,0,0,0,0,0,0,0,0,0,0,0,0,0,0,0,0,0,0,0,0,0,0,0,0,0,0,0,0,0,0,0,0,0,0,0,0,0,0,0,0,0,0,0,0,0,0,0,0,0,0,0,0,0
bhagirath-chaudhary,Bhagirath Chaudhary,BJP,Rajasthan,Ajmer,Male,69 years,Information Not Available,100,77,204,204,0,https://prsindia.org/mptrack/17-lok-sabha/bhagirath-chaudhary,15,11,17,13,4,5,8,9,13,7,9,0,7,4,4,4,9,4,4,0,4,7,4,2,2,1,5,3,4,3,5,0,0,4,2,1,3,0,0,1,1,1,0,0,0,0,0,1,0,3,0,0,0,0,0,0,0,0,0,0,0,0,0
balak-nath,Balak Nath,BJP,Rajasthan,Alwar,Male,39 years,Matric,78,13,225,225,0,https://prsindia.org/mptrack/17-lok-sabha/balak-nath,17,21,10,5,9,8,12,4,4,2,1,7,4,5,8,6,13,2,0,3,3,5,6,7,2,8,2,8,4,8,2,1,2,2,1,2,1,0,2,2,0,1,3,0,3,1,1,5,0,1,0,1,0,0,0,0,0,0,0,0,0,0,0
kanakmal-katara,Kanakmal Katara,BJP,Rajasthan,Banswara,Male,66 years,Graduate,91,32,318,318,0,https://prsindia.org/mptrack/17-lok-sabha/kanakmal-katara,30,18,16,15,7,14,10,9,8,12,7,10,8,7,6,7,14,7,4,1,3,5,5,2,6,5,4,2,1,2,4,2,4,7,4,13,1,0,8,2,3,1,4,2,4,3,4,1,1,0,3,0,1,0,0,1,0,0,0,0,0,0,0
kailash-choudhary,Kailash Choudhary,BJP,Rajasthan,Barmer,Male,50 years,Graduate,N/A,0,0,0,0,https://prsindia.org/mptrack/17-lok-sabha/kailash-choudhary,0,0,0,0,0,0,0,0,0,0,0,0,0,0,0,0,0,0,0,0,0,0,0,0,0,0,0,0,0,0,0,0,0,0,0,0,0,0,0,0,0,0,0,0,0,0,0,0,0,0,0,0,0,0,0,0,0,0,0,0,0,0,0
ranjeeta-koli,Ranjeeta Koli,BJP,Rajasthan,Bharatpur,Female,44 years,Under Matric,95,39,310,310,3,https://prsindia.org/mptrack/17-lok-sabha/ranjeeta-koli,26,22,11,10,8,12,16,11,9,7,3,12,9,4,10,5,4,5,9,7,8,2,5,7,5,5,4,8,3,8,3,2,4,2,4,1,3,1,1,7,0,2,1,1,5,1,5,6,0,1,0,3,1,0,0,0,0,0,0,0,0,1,0
subhash-baheria,Subhash Baheria,BJP,Rajasthan,Bhilwara,Male,67 years,Graduate,97,85,29,29,0,https://prsindia.org/mptrack/17-lok-sabha/subhash-baheria,3,2,2,4,2,1,2,0,1,0,1,1,0,0,3,2,0,0,0,1,0,0,0,0,0,1,0,1,0,0,0,1,0,0,0,0,0,0,0,0,0,0,0,0,0,0,1,0,0,0,0,0,0,0,0,0,0,0,0,0,0,0,0
arjun-ram-meghwal,Arjun Ram Meghwal,BJP,Rajasthan,Bikaner,Male,70 years,Post Graduate,N/A,0,0,0,0,https://prsindia.org/mptrack/17-lok-sabha/arjun-ram-meghwal,0,0,0,0,0,0,0,0,0,0,0,0,0,0,0,0,0,0,0,0,0,0,0,0,0,0,0,0,0,0,0,0,0,0,0,0,0,0,0,0,0,0,0,0,0,0,0,0,0,0,0,0,0,0,0,0,0,0,0,0,0,0,0
chandra-prakash-joshi,Chandra Prakash Joshi,BJP,Rajasthan,Chittorgarh,Male,48 years,Graduate,89,159,328,328,8,https://prsindia.org/mptrack/17-lok-sabha/chandra-prakash-joshi,17,15,10,9,11,13,10,13,10,10,7,7,11,10,2,6,10,8,6,13,11,7,5,4,4,2,3,5,7,5,3,3,6,3,1,6,9,5,7,4,6,2,3,2,5,1,4,1,3,0,1,0,0,0,0,1,0,0,0,0,1,0,0
rahul-kaswan,Rahul Kaswan,BJP,Rajasthan,Churu,Male,47 years,Graduate,96,98,277,277,3,https://prsindia.org/mptrack/17-lok-sabha/rahul-kaswan,19,21,15,15,8,10,13,13,4,8,10,3,4,6,6,8,7,7,5,2,5,5,4,6,0,4,6,3,5,5,5,7,2,7,8,1,1,7,2,5,0,1,0,0,1,0,0,3,0,0,0,0,0,0,0,0,0,0,0,0,0,0,0
jaskaur-meena,Jaskaur Meena,BJP,Rajasthan,Dausa,Female,76 years,Post Graduate,95,76,318,318,0,https://prsindia.org/mptrack/17-lok-sabha/jaskaur-meena,22,27,20,12,12,7,16,18,14,9,1,8,10,7,12,10,5,11,6,3,5,1,9,3,7,7,4,0,1,5,15,1,2,3,0,10,1,2,0,3,0,2,0,1,1,0,1,0,0,0,0,4,0,0,0,0,0,0,0,0,0,0,0
nihalchand,Nihalchand,BJP,Rajasthan,Ganganagar,Male,53 years,Graduate,88,104,308,308,9,https://prsindia.org/mptrack/17-lok-sabha/nihalchand,30,25,18,7,9,11,20,13,11,6,3,4,9,4,13,9,2,8,10,4,6,0,2,9,8,4,4,4,7,3,6,2,1,7,5,3,0,1,3,4,0,1,0,3,2,1,1,0,2,1,0,1,0,1,0,0,0,0,0,0,0,0,0
ramcharan-bohara,Ramcharan Bohara,BJP,Rajasthan,Jaipur,Male,67 years,Inter/ Higher Secondary,94,86,303,303,0,https://prsindia.org/mptrack/17-lok-sabha/ramcharan-bohara,23,18,16,7,9,7,15,12,7,11,5,4,8,3,8,9,11,2,6,6,2,7,2,7,5,3,7,4,11,7,11,0,10,4,3,2,2,0,2,2,4,6,0,1,1,4,1,0,2,2,0,3,0,0,1,0,0,0,0,0,0,0,0
rajyavardhan-singh-rathore,Rajyavardhan Singh Rathore,BJP,Rajasthan,Jaipur Rural,Male,54 years,Graduate,80,13,167,167,0,https://prsindia.org/mptrack/17-lok-sabha/rajyavardhan-singh-rathore,9,6,1,1,12,3,13,8,2,2,6,0,1,3,10,2,1,8,0,1,0,1,2,2,8,7,2,6,11,9,11,1,0,1,1,0,2,0,1,0,0,7,0,0,0,0,4,0,0,0,0,1,0,1,0,0,0,0,0,0,0,0,0
devji-patel,Devji Patel,BJP,Rajasthan,Jalore,Male,47 years,Matric,74,134,442,442,5,https://prsindia.org/mptrack/17-lok-sabha/devji-patel,37,23,39,8,19,10,20,11,20,8,5,7,12,10,10,5,14,15,7,6,6,6,15,11,5,5,6,9,7,4,9,2,7,8,3,9,5,0,2,6,2,2,1,7,1,1,9,0,1,0,1,3,0,0,1,1,1,0,0,0,0,0,0
dushyant-singh,Dushyant Singh,BJP,Rajasthan,Jhalawar-Baran,Male,50 years,Professional Post Graduate,82,75,258,258,0,https://prsindia.org/mptrack/17-lok-sabha/dushyant-singh,21,16,5,13,8,15,7,9,8,2,3,9,2,8,11,6,3,4,9,6,7,7,6,5,1,1,2,4,5,8,1,1,0,2,6,1,0,2,3,2,4,2,1,5,3,4,0,3,1,5,0,0,1,0,0,0,0,0,0,0,0,0,0
narender-kumar,Narender Kumar,BJP,Rajasthan,Jhunjhunu,Male,63 years,Graduate,95,34,64,64,0,https://prsindia.org/mptrack/17-lok-sabha/narender-kumar,4,7,7,0,3,1,2,4,2,0,0,0,2,0,1,1,0,0,0,1,0,1,0,3,0,0,0,1,2,0,1,1,0,0,5,3,1,2,1,1,0,0,0,0,1,1,1,1,3,0,0,0,0,0,0,0,0,0,0,0,0,0,0
gajendrasingh-shekhawat,Gajendrasingh Shekhawat,BJP,Rajasthan,Jodhpur,Male,56 years,Post Graduate,N/A,0,0,0,0,https://prsindia.org/mptrack/17-lok-sabha/gajendrasingh-shekhawat,0,0,0,0,0,0,0,0,0,0,0,0,0,0,0,0,0,0,0,0,0,0,0,0,0,0,0,0,0,0,0,0,0,0,0,0,0,0,0,0,0,0,0,0,0,0,0,0,0,0,0,0,0,0,0,0,0,0,0,0,0,0,0
manoj-rajoria,Manoj Rajoria,BJP,Rajasthan,Karauli-Dholpur,Male,54 years,Professional Post Graduate,93,87,319,319,9,https://prsindia.org/mptrack/17-lok-sabha/manoj-rajoria,22,21,3,16,10,8,8,7,8,9,4,11,10,6,6,6,5,6,4,7,12,3,4,5,5,5,6,11,8,8,1,5,2,4,7,3,5,1,7,6,5,8,1,0,3,2,6,3,1,1,0,2,2,0,0,0,0,0,0,0,0,0,0
om-birla,Om Birla,BJP,Rajasthan,Kota,Male,61 years,Post Graduate,N/A,0,0,0,0,https://prsindia.org/mptrack/17-lok-sabha/om-birla,0,0,0,0,0,0,0,0,0,0,0,0,0,0,0,0,0,0,0,0,0,0,0,0,0,0,0,0,0,0,0,0,0,0,0,0,0,0,0,0,0,0,0,0,0,0,0,0,0,0,0,0,0,0,0,0,0,0,0,0,0,0,0
hanumana-ram,Hanumana Ram,RLP,Rajasthan,Nagaur,Male,51 years,Professional Graduate,90,185,249,249,2,https://prsindia.org/mptrack/17-lok-sabha/hanumana-ram,21,21,13,14,6,11,17,5,6,6,5,2,7,2,4,1,3,5,9,7,6,6,5,3,2,3,4,1,8,1,1,3,3,3,3,1,0,3,8,1,3,1,0,1,0,0,1,8,0,2,3,0,0,0,0,0,0,0,0,0,0,0,0
pp-chaudhary,P.P. Chaudhary,BJP,Rajasthan,Pali,Male,70 years,Professional Graduate,95,161,523,523,16,https://prsindia.org/mptrack/17-lok-sabha/pp-chaudhary,32,21,21,16,15,20,20,19,10,18,20,10,16,14,11,9,8,9,8,12,8,9,14,6,11,13,15,10,10,11,15,7,5,6,6,13,3,5,8,5,4,5,2,6,5,0,3,2,2,0,1,1,1,0,0,1,1,0,0,0,0,0,0
diya-kumari,Diya Kumari,BJP,Rajasthan,Rajsamand,Female,53 years,Doctorate,88,31,198,198,2,https://prsindia.org/mptrack/17-lok-sabha/diya-kumari,12,9,10,3,7,9,12,10,6,7,0,5,5,4,9,5,4,4,5,7,1,3,1,3,1,3,12,5,3,5,2,0,3,3,2,1,1,1,0,1,3,1,2,1,0,1,3,1,0,0,0,2,0,0,0,0,0,0,0,0,0,0,0
sumedhanand-saraswati,Sumedhanand Saraswati,BJP,Rajasthan,Sikar,Male,72 years,Post Graduate,92,72,456,456,0,https://prsindia.org/mptrack/17-lok-sabha/sumedhanand-saraswati,34,34,10,16,15,13,11,14,15,5,5,14,10,4,13,12,10,7,11,13,12,5,4,12,10,9,5,14,11,14,3,3,4,10,8,4,4,1,4,10,1,4,1,1,7,5,6,7,0,4,0,5,2,0,0,0,0,0,0,0,0,0,0
sukhbir-singh-jaunapuria,Sukhbir Singh Jaunapuria,BJP,Rajasthan,Tonk-Sawai Madhopur,Male,66 years,Graduate,95,24,182,182,0,https://prsindia.org/mptrack/17-lok-sabha/sukhbir-singh-jaunapuria,19,15,10,13,5,7,12,5,2,5,3,1,3,2,9,3,5,11,2,0,8,0,4,0,1,4,0,1,3,2,3,1,3,7,2,2,0,5,2,1,0,0,0,0,0,1,0,0,0,0,0,0,0,0,0,0,0,0,0,0,0,0,0
arjunlal-meena,Arjunlal Meena,BJP,Rajasthan,Udaipur,Male,59 years,Post Graduate,81,39,262,262,0,https://prsindia.org/mptrack/17-lok-sabha/arjunlal-meena,17,23,25,5,5,7,16,5,17,7,7,4,7,5,6,6,8,4,4,0,5,3,4,8,3,2,4,6,0,1,4,5,3,1,2,15,3,1,0,0,2,3,0,1,1,0,0,3,3,0,1,0,0,0,0,0,0,0,0,0,0,0,0
indra-hang-subba,Indra Hang Subba,SKM,Sikkim,Sikkim,Male,35 years,Post Graduate,71,14,31,31,0,https://prsindia.org/mptrack/17-lok-sabha/indra-hang-subba,1,2,0,0,3,2,1,0,2,1,2,0,0,0,0,1,1,0,0,2,0,0,0,1,0,0,0,1,0,0,0,0,0,1,1,2,0,0,1,0,0,2,0,0,0,0,0,0,1,0,0,0,0,3,0,0,0,0,0,0,0,0,0
s-jagathrakshakan,S. Jagathrakshakan,DMK,Tamil Nadu,Arakkonam,Male,76 years,Inter/ Higher Secondary,36,18,272,272,0,https://prsindia.org/mptrack/17-lok-sabha/s-jagathrakshakan,25,26,7,7,26,9,12,5,3,5,3,13,2,15,3,4,5,4,2,4,8,3,1,3,5,1,6,10,6,6,0,5,2,5,2,2,0,5,5,1,2,0,1,1,1,3,2,0,0,1,5,0,0,0,0,0,0,0,0,0,0,0,0
mk-vishnu-prasad,M.K. Vishnu Prasad,INC,Tamil Nadu,Arani,Male,51 years,Professional Graduate,78,29,254,254,2,https://prsindia.org/mptrack/17-lok-sabha/mk-vishnu-prasad,16,8,4,4,6,5,8,11,7,10,9,14,15,10,7,4,7,7,7,7,8,5,3,5,2,1,6,5,1,5,6,1,2,1,2,2,3,4,1,3,2,3,1,0,1,1,2,0,5,4,1,0,0,1,0,0,1,0,0,0,0,0,0
dayanidhi-maran,Dayanidhi Maran,DMK,Tamil Nadu,Chennai Central,Male,57 years,Graduate,77,20,136,136,0,https://prsindia.org/mptrack/17-lok-sabha/dayanidhi-maran,16,1,9,8,5,2,3,5,3,4,7,4,0,8,3,1,0,2,3,2,0,4,0,2,5,2,1,2,0,2,0,5,2,3,2,0,4,0,0,2,3,0,2,1,3,3,0,0,2,0,0,0,0,0,0,0,0,0,0,0,0,0,0
v-kalanidhi,V. Kalanidhi,DMK,Tamil Nadu,Chennai North,Male,54 years,Doctorate,83,59,295,295,3,https://prsindia.org/mptrack/17-lok-sabha/v-kalanidhi,28,16,18,14,11,11,3,9,9,10,1,8,11,6,15,7,5,9,13,3,3,4,8,2,4,6,1,2,4,5,4,4,3,3,3,0,2,2,5,3,2,2,0,6,0,4,0,1,0,3,0,2,0,0,0,0,0,0,0,0,0,0,0
sumathy-thamizhachi-thangapandian,Sumathy Thamizhachi Thangapandian,DMK,Tamil Nadu,Chennai South,Female,61 years,Doctorate,79,63,292,292,8,https://prsindia.org/mptrack/17-lok-sabha/sumathy-thamizhachi-thangapandian,20,10,3,22,10,15,6,10,8,13,11,7,5,2,5,9,5,3,2,5,6,7,3,2,11,3,10,5,7,3,2,10,4,4,6,2,6,1,5,3,3,2,1,3,0,4,0,0,2,0,3,1,1,0,0,0,1,0,0,0,0,0,0
thirumaa-valavan-thol,Thirumaa Valavan Thol,VCK,Tamil Nadu,Chidambaram,Male,61 years,Post Graduate,70,69,157,157,6,https://prsindia.org/mptrack/17-lok-sabha/thirumaa-valavan-thol,16,5,2,15,1,5,1,3,3,3,7,2,2,1,4,3,1,3,10,1,3,3,2,3,1,2,5,1,1,3,2,5,3,2,3,1,1,4,6,1,1,1,2,1,3,1,1,1,1,1,1,1,0,1,0,0,0,1,0,0,0,0,0
pr-natarajan,P.R. Natarajan,CPI(M),Tamil Nadu,Coimbatore,Male,73 years,Under Graduate,86,56,253,253,0,https://prsindia.org/mptrack/17-lok-sabha/pr-natarajan,21,5,12,21,12,4,8,9,4,8,8,2,12,6,12,9,4,19,3,0,2,3,1,1,4,6,8,4,2,2,2,7,4,5,4,0,3,1,3,1,1,1,1,0,0,1,1,0,1,1,0,2,0,0,0,0,1,1,0,0,0,0,0
trvs-ramesh,T.R.V.S. Ramesh,DMK,Tamil Nadu,Cuddalore,Male,53 years,Information Not Available,43,5,183,183,0,https://prsindia.org/mptrack/17-lok-sabha/trvs-ramesh,15,11,4,9,8,2,4,5,6,10,4,7,5,6,4,1,6,3,2,4,3,1,3,5,4,2,3,4,0,3,6,1,1,1,2,1,1,5,2,2,2,3,2,1,3,2,2,0,2,0,0,0,0,0,0,0,0,0,0,0,0,0,0
dnv-senthilkumar-s,DNV Senthilkumar S.,DMK,Tamil Nadu,Dharmapuri,Male,46 years,Professional Post Graduate,99,316,511,511,6,https://prsindia.org/mptrack/17-lok-sabha/dnv-senthilkumar-s,59,40,27,20,24,6,11,10,14,21,15,18,9,12,7,12,17,10,10,22,6,6,8,9,4,10,7,7,1,8,4,4,14,6,4,0,9,15,0,4,0,5,2,2,0,0,0,0,2,1,0,1,3,0,4,1,0,0,0,0,0,0,0
p-velusamy,P. Velusamy,DMK,Tamil Nadu,Dindigul,Male,56 years,Information Not Available,81,16,211,211,0,https://prsindia.org/mptrack/17-lok-sabha/p-velusamy,18,16,6,28,2,5,2,6,1,3,4,7,8,18,9,6,2,14,2,1,7,0,1,1,7,3,1,2,0,1,0,3,1,1,5,0,1,4,5,0,1,1,0,2,2,1,0,0,0,0,0,2,0,0,1,0,0,0,0,0,0,0,0
ganeshamurthi,A. Ganeshamurthi,DMK,Tamil Nadu,Erode,Male,76 years,Graduate,70,30,276,276,1,https://prsindia.org/mptrack/17-lok-sabha/ganeshamurthi,24,13,17,28,6,8,6,2,12,6,14,8,11,9,7,3,3,3,5,7,4,8,3,1,2,4,4,2,9,0,1,10,4,6,3,0,4,1,8,2,0,0,2,1,3,1,0,0,0,1,0,0,0,0,0,0,0,0,0,0,0,0,0
gautham-sigamani-pon,Gautham Sigamani Pon,DMK,Tamil Nadu,Kallakurichi,Male,49 years,Doctorate,91,53,379,379,2,https://prsindia.org/mptrack/17-lok-sabha/gautham-sigamani-pon,40,35,14,13,21,9,4,6,10,15,4,21,10,5,9,5,7,5,12,20,2,7,4,8,3,9,8,10,7,4,1,4,4,1,3,2,6,12,1,5,1,7,1,1,0,1,0,0,0,0,2,0,0,0,0,0,0,0,0,0,0,0,0
g-selvam,G. Selvam,DMK,Tamil Nadu,Kancheepuram,Male,49 years,Post Graduate,82,18,436,436,1,https://prsindia.org/mptrack/17-lok-sabha/g-selvam,43,26,15,10,20,7,3,13,13,22,10,24,9,8,14,5,9,5,12,31,1,10,8,10,2,22,7,10,3,3,5,1,6,4,0,2,5,11,1,10,2,7,0,0,0,1,0,2,0,0,0,0,1,0,2,1,0,0,0,0,0,0,0
h-vasanthakumar,H. Vasanthakumar,INC,Tamil Nadu,Kanniyakumari,Male,73 years,Post Graduate,88,40,104,104,2,https://prsindia.org/mptrack/17-lok-sabha/h-vasanthakumar,5,4,3,5,0,2,3,4,7,2,4,3,4,2,1,2,3,4,2,4,2,1,2,2,0,1,2,1,2,0,1,0,1,6,3,0,1,0,3,1,4,1,0,0,2,2,0,0,0,1,0,0,1,0,0,0,0,0,0,0,0,0,0
vijayakumar-alias-vijay-vasanth,Vijayakumar alias Vijay Vasanth,INC,Tamil Nadu,Kanniyakumari,Male,,Information Not Available,88,21,194,194,0,https://prsindia.org/mptrack/17-lok-sabha/vijayakumar-alias-vijay-vasanth,18,8,9,12,11,5,2,1,4,5,17,3,3,5,4,6,1,3,7,2,5,5,2,3,3,2,4,6,4,2,1,8,2,0,2,2,2,0,5,0,1,0,0,2,0,3,1,1,0,1,0,1,0,0,0,0,0,0,0,0,0,0,0
s-jothimani,S. Jothimani,INC,Tamil Nadu,Karur,Female,48 years,Post Graduate,74,42,201,201,2,https://prsindia.org/mptrack/17-lok-sabha/s-jothimani,20,10,6,12,9,5,7,10,2,4,7,6,7,3,5,4,3,3,3,6,0,5,2,1,6,7,7,1,0,1,5,1,4,3,4,2,5,1,4,2,0,1,2,0,3,0,1,0,0,0,0,0,0,0,0,0,1,0,0,0,0,0,0
chellakumar,A. Chellakumar,INC,Tamil Nadu,Krishnagiri,Male,64 years,Information Not Available,65,27,195,195,0,https://prsindia.org/mptrack/17-lok-sabha/chellakumar,13,12,5,13,3,7,11,4,5,10,8,5,10,8,7,4,2,5,4,1,2,4,0,2,4,2,5,1,1,5,1,5,3,1,0,3,1,3,4,1,1,1,2,0,2,0,2,0,1,1,0,0,0,0,0,0,0,0,0,0,0,0,0
s-venkatesan,S. Venkatesan,CPI(M),Tamil Nadu,Madurai,Male,53 years,Information Not Available,73,33,256,256,0,https://prsindia.org/mptrack/17-lok-sabha/s-venkatesan,17,7,25,19,15,1,6,17,6,6,5,2,3,9,14,4,4,6,4,3,1,1,1,0,3,7,10,5,2,0,2,7,6,8,2,2,1,2,4,1,5,2,6,1,0,0,0,1,0,2,0,0,0,0,0,0,1,0,0,0,0,0,0
s-ramalingam,S. Ramalingam,DMK,Tamil Nadu,Mayiladuthurai,Male,80 years,Information Not Available,73,16,148,148,0,https://prsindia.org/mptrack/17-lok-sabha/s-ramalingam,9,3,14,6,4,8,8,3,6,6,8,1,3,4,5,3,2,1,1,2,1,3,2,4,1,0,1,4,7,1,2,6,2,1,0,0,1,0,2,1,1,1,0,3,2,2,1,0,0,0,1,0,0,0,0,0,1,0,0,0,0,0,0
m-selvaraj,M. Selvaraj,CPI,Tamil Nadu,Nagapattinam,Male,66 years,Information Not Available,54,57,239,239,0,https://prsindia.org/mptrack/17-lok-sabha/m-selvaraj,29,13,10,10,9,5,2,7,12,10,8,6,11,10,4,8,1,7,10,2,4,5,2,3,6,1,1,2,1,6,3,5,0,3,1,0,6,0,1,1,0,2,1,5,1,0,1,0,0,2,0,0,1,0,1,0,0,0,0,0,0,0,0
akp-chinraj,A.K.P. Chinraj,DMK,Tamil Nadu,Namakkal,Male,58 years,Information Not Available,72,12,263,263,0,https://prsindia.org/mptrack/17-lok-sabha/akp-chinraj,30,11,17,17,11,12,2,1,6,3,15,4,5,24,7,6,1,2,9,2,1,16,0,1,3,5,4,2,6,3,1,5,1,5,3,1,1,3,6,1,1,1,0,0,2,0,1,2,0,1,0,0,2,0,0,0,0,0,0,0,0,0,0
andimuthu-raja,Andimuthu Raja,DMK,Tamil Nadu,Nilgiris,Male,60 years,Post Graduate,73,43,271,271,2,https://prsindia.org/mptrack/17-lok-sabha/andimuthu-raja,11,11,20,17,7,14,6,6,6,9,13,4,5,15,4,3,2,10,5,6,2,6,3,5,8,4,4,3,10,0,3,8,1,6,5,2,4,3,3,1,2,3,1,1,3,2,0,0,2,1,0,1,0,0,0,0,0,0,0,0,0,0,0
tr-paarivendhar,T.R. Paarivendhar,DMK,Tamil Nadu,Perambalur,Male,82 years,Doctorate,62,40,268,268,2,https://prsindia.org/mptrack/17-lok-sabha/tr-paarivendhar,17,8,17,17,11,7,5,2,13,5,19,9,6,14,2,7,2,4,5,7,2,9,4,4,1,2,6,0,8,1,1,18,3,7,0,2,4,0,3,3,4,0,4,1,0,1,1,0,0,1,1,0,0,0,0,0,0,0,0,0,0,0,0
k-shanmugasundaram,K. Shanmugasundaram,DMK,Tamil Nadu,Pollachi,Male,53 years,Information Not Available,77,19,216,216,0,https://prsindia.org/mptrack/17-lok-sabha/k-shanmugasundaram,20,18,3,26,4,12,0,3,6,4,3,5,5,17,6,8,2,8,2,1,10,1,2,3,9,5,1,2,4,2,0,1,1,0,2,1,0,3,6,1,1,2,0,1,0,1,1,1,0,0,1,0,1,0,0,0,0,0,0,0,0,0,0
k-navaskani,K. Navaskani,IUML,Tamil Nadu,Ramanathapuram,Male,44 years,Inter/ Higher Secondary,89,134,271,271,3,https://prsindia.org/mptrack/17-lok-sabha/k-navaskani,23,20,7,16,12,14,6,5,2,11,12,14,8,10,6,9,8,3,3,4,4,2,9,3,2,4,2,4,0,3,2,9,0,5,2,0,0,2,2,1,3,2,10,1,3,1,0,1,0,1,0,0,0,0,0,0,0,0,0,0,0,0,0
sr-parthiban,S.R. Parthiban,DMK,Tamil Nadu,Salem,Male,54 years,Information Not Available,88,42,286,286,0,https://prsindia.org/mptrack/17-lok-sabha/sr-parthiban,14,19,19,6,8,8,9,7,7,8,6,11,5,8,9,6,13,4,6,11,8,1,0,1,1,10,0,10,2,4,14,1,8,1,1,6,6,1,2,3,1,1,1,3,0,4,4,0,2,2,0,2,0,0,2,0,0,0,0,0,0,0,0
karti-p-chidambaram,Karti P. Chidambaram,INC,Tamil Nadu,Sivaganga,Male,52 years,Graduate,77,24,165,165,2,https://prsindia.org/mptrack/17-lok-sabha/karti-p-chidambaram,17,5,6,15,7,8,7,8,5,5,11,3,6,3,4,1,1,3,2,0,2,4,1,1,5,3,2,2,0,1,2,4,6,1,0,0,3,1,3,1,2,0,1,0,1,1,1,0,0,0,0,0,0,0,0,0,0,0,0,0,0,0,0
thalikkottai-rajuthevar-baalu,Thalikkottai Rajuthevar Baalu,DMK,Tamil Nadu,Sriperumbudur,Male,82 years,Graduate,85,58,225,225,0,https://prsindia.org/mptrack/17-lok-sabha/thalikkottai-rajuthevar-baalu,16,14,2,16,5,19,9,7,5,10,5,4,2,4,4,4,4,2,5,2,6,3,5,3,4,2,5,3,6,2,2,8,1,1,0,2,3,6,5,2,1,1,2,5,0,2,0,0,2,1,1,1,0,1,0,0,0,0,0,0,0,0,0
dhanush-m-kumar,Dhanush M Kumar,DMK,Tamil Nadu,Tenkasi,Male,48 years,Professional Post Graduate,99,121,490,490,2,https://prsindia.org/mptrack/17-lok-sabha/dhanush-m-kumar,45,35,15,17,25,8,4,11,16,23,11,27,9,10,10,4,11,8,13,30,4,12,9,16,5,22,9,10,3,3,7,1,6,3,0,0,7,12,0,12,2,7,0,0,0,1,0,1,0,0,1,0,2,0,3,0,0,0,0,0,0,0,0
ss-palanimanickam,S.S. Palanimanickam,DMK,Tamil Nadu,Thanjavur,Male,73 years,Professional Graduate,51,7,0,0,0,https://prsindia.org/mptrack/17-lok-sabha/ss-palanimanickam,0,0,0,0,0,0,0,0,0,0,0,0,0,0,0,0,0,0,0,0,0,0,0,0,0,0,0,0,0,0,0,0,0,0,0,0,0,0,0,0,0,0,0,0,0,0,0,0,0,0,0,0,0,0,0,0,0,0,0,0,0,0,0
p-raveendranath-kumar,P. Raveendranath Kumar,AIADMK,Tamil Nadu,Theni,Male,44 years,Information Not Available,55,103,196,196,0,https://prsindia.org/mptrack/17-lok-sabha/p-raveendranath-kumar,3,5,11,3,7,6,7,9,2,2,5,1,6,9,1,8,13,1,1,8,5,5,2,4,3,4,4,5,1,4,4,2,3,3,2,0,2,2,5,5,1,2,5,2,3,2,2,1,1,1,1,0,1,1,0,0,0,0,0,0,0,0,0
kanimozhi-karunanidhi,Kanimozhi Karunanidhi,DMK,Tamil Nadu,Thoothukkudi,Female,56 years,Post Graduate,69,65,182,182,2,https://prsindia.org/mptrack/17-lok-sabha/kanimozhi-karunanidhi,8,8,9,8,4,9,9,10,3,5,7,1,8,5,6,2,0,1,6,2,2,3,6,3,2,5,4,8,1,4,0,3,2,5,1,0,0,0,7,0,1,2,0,3,0,1,3,1,0,1,0,0,1,0,0,0,0,1,0,1,0,0,0
su-thirunavukkarasar,Su Thirunavukkarasar,INC,Tamil Nadu,Tiruchirappalli,Male,74 years,Post Graduate,68,37,358,358,2,https://prsindia.org/mptrack/17-lok-sabha/su-thirunavukkarasar,31,20,13,20,9,12,14,5,15,8,21,16,10,12,2,16,3,2,9,6,5,4,4,0,3,2,3,12,12,2,3,14,5,4,3,0,5,2,7,5,2,1,0,1,5,4,0,0,0,1,2,2,1,0,0,0,0,0,0,0,0,0,0
s-gnanathiraviam,S. Gnanathiraviam,DMK,Tamil Nadu,Tirunelveli,Male,59 years,Information Not Available,64,25,251,251,0,https://prsindia.org/mptrack/17-lok-sabha/s-gnanathiraviam,12,14,8,20,6,5,9,6,6,6,5,6,6,4,3,8,9,4,3,7,7,7,3,3,1,1,4,4,3,11,1,5,6,0,3,1,4,1,6,3,5,4,6,3,3,6,1,0,0,0,1,0,0,0,1,0,0,0,0,0,0,0,0
k-subbarayan,K. Subbarayan,CPI,Tamil Nadu,Tiruppur,Male,76 years,Matric,61,58,169,169,0,https://prsindia.org/mptrack/17-lok-sabha/k-subbarayan,17,5,2,22,4,8,2,3,5,1,11,7,10,4,4,4,0,4,5,2,3,5,2,0,1,3,0,0,5,0,0,3,1,2,3,1,0,0,2,1,2,3,1,0,4,1,0,2,0,2,0,1,1,0,0,0,0,0,0,0,0,0,0
k-jayakumar,K. Jayakumar,INC,Tamil Nadu,Tiruvallur,Male,73 years,Doctorate,87,33,38,38,0,https://prsindia.org/mptrack/17-lok-sabha/k-jayakumar,3,1,1,2,2,2,0,3,4,0,0,1,1,2,1,3,0,0,1,0,1,3,1,0,0,0,0,1,0,0,0,0,0,0,0,3,0,0,0,0,1,0,0,0,0,0,0,0,1,0,0,0,0,0,0,0,0,0,0,0,0,0,0
cn-annadurai,C.N. Annadurai,DMK,Tamil Nadu,Tiruvannamalai,Male,50 years,Information Not Available,78,55,451,451,1,https://prsindia.org/mptrack/17-lok-sabha/cn-annadurai,40,36,19,14,27,11,7,8,14,21,6,22,6,8,10,6,13,7,14,28,6,6,7,15,2,19,8,9,3,1,7,1,5,1,0,1,6,11,0,10,0,8,0,0,1,1,0,2,0,0,0,0,0,0,3,1,0,0,0,0,0,0,0
dm-kathir-anand,D.M. Kathir Anand,DMK,Tamil Nadu,Vellore,Male,49 years,Post Graduate,63,32,262,262,5,https://prsindia.org/mptrack/17-lok-sabha/dm-kathir-anand,18,13,4,11,10,4,7,2,3,6,6,7,6,11,5,8,10,3,7,1,11,5,2,3,5,9,5,5,9,5,2,5,1,1,3,3,2,5,6,3,10,1,1,4,1,3,3,0,4,0,2,1,0,0,0,0,0,0,0,0,0,0,0
d-ravikumar,D. Ravikumar,DMK,Tamil Nadu,Viluppuram,Male,63 years,Doctorate,71,60,220,220,5,https://prsindia.org/mptrack/17-lok-sabha/d-ravikumar,13,6,4,10,13,2,4,14,5,4,12,4,3,4,9,3,0,2,0,6,3,13,1,0,8,4,11,4,0,1,3,4,2,3,3,7,2,4,7,0,0,3,13,0,1,1,1,0,0,0,0,1,0,0,0,2,0,0,0,0,0,0,0
manicka-tagore,Manickam Tagore B.,INC,Tamil Nadu,Virudhunagar,Male,48 years,Professional Graduate,88,96,317,317,0,https://prsindia.org/mptrack/17-lok-sabha/manicka-tagore,35,15,15,20,11,9,5,8,7,13,11,7,13,12,9,6,3,4,10,5,2,10,3,4,9,3,5,2,1,8,2,3,5,5,4,4,3,0,8,3,1,1,0,1,0,0,1,1,2,2,2,1,3,0,0,0,0,0,0,0,0,0,0
soyam-bapu-rao,Soyam Bapu Rao,BJP,Telangana,Adilabad,Male,54 years,Inter/ Higher Secondary,84,10,29,29,0,https://prsindia.org/mptrack/17-lok-sabha/soyam-bapu-rao,4,1,0,1,0,1,1,1,1,2,0,2,1,0,0,0,0,1,1,3,0,2,0,0,1,0,0,0,0,0,0,0,1,1,0,0,1,0,0,1,1,0,0,0,0,0,0,0,0,0,0,0,1,0,0,0,0,0,0,0,0,0,0
komati-reddy-venkat-reddy,Komati Reddy Venkat Reddy,INC,Telangana,Bhongir,Male,60 years,Inter/ Higher Secondary,57,22,357,357,0,https://prsindia.org/mptrack/17-lok-sabha/komati-reddy-venkat-reddy,23,16,17,30,16,12,15,4,10,13,15,10,14,11,13,8,4,7,4,13,8,7,5,5,8,4,6,3,9,3,2,5,2,1,3,1,3,4,0,1,1,6,0,2,1,3,1,2,1,2,1,2,0,0,0,0,0,0,0,0,0,0,0
gaddam-ranjith-reddy,Gaddam Ranjith Reddy,BRS,Telangana,Chevella,Male,59 years,Post Graduate,70,37,385,385,3,https://prsindia.org/mptrack/17-lok-sabha/gaddam-ranjith-reddy,27,19,17,28,18,9,12,12,7,14,8,14,4,12,14,6,6,7,5,7,12,10,7,1,3,5,4,2,5,5,8,8,2,4,3,3,3,7,3,2,3,7,14,0,1,1,5,2,1,3,2,3,0,0,0,0,0,0,0,0,0,0,0
asaduddin-owaisi,Asaduddin Owaisi,AIMIM,Telangana,Hyderabad,Male,54 years,Professional Graduate,72,60,366,366,3,https://prsindia.org/mptrack/17-lok-sabha/asaduddin-owaisi,37,10,8,25,7,13,8,11,13,8,34,15,14,10,7,7,1,4,8,3,4,9,3,2,7,1,7,1,10,2,0,16,1,8,9,3,7,4,1,2,3,2,12,2,1,1,1,0,1,2,0,1,0,0,0,0,0,0,0,0,0,0,0
sanjay-kumar-bandi,Sanjay Kumar Bandi,BJP,Telangana,Karimnagar,Male,52 years,Post Graduate,74,6,57,57,0,https://prsindia.org/mptrack/17-lok-sabha/sanjay-kumar-bandi,5,2,3,8,0,0,2,2,1,4,2,3,4,0,3,2,1,0,1,1,3,1,0,0,3,2,2,1,0,0,0,0,0,0,0,0,0,0,0,0,0,1,0,0,0,0,0,0,0,0,0,0,0,0,0,0,0,0,0,0,0,0,0
nama-nageswara-rao,Nama Nageswara Rao,BRS,Telangana,Khammam,Male,66 years,Inter/ Higher Secondary,88,51,226,226,0,https://prsindia.org/mptrack/17-lok-sabha/nama-nageswara-rao,23,19,11,21,10,12,7,3,7,6,5,4,3,4,5,7,0,0,4,3,8,3,0,2,3,6,2,1,4,1,1,1,2,2,4,1,1,4,6,4,1,2,2,1,2,1,3,1,0,2,1,0,0,0,0,0,0,0,0,0,0,0,0
kavitha-malothu,Kavitha Malothu,BRS,Telangana,Mahabubabad,Female,43 years,Graduate,47,5,144,144,0,https://prsindia.org/mptrack/17-lok-sabha/kavitha-malothu,8,7,6,9,6,2,7,4,2,2,4,5,2,5,8,5,3,2,3,3,3,4,2,1,0,2,4,0,2,1,4,5,0,0,2,2,1,2,1,0,0,2,2,0,1,1,3,0,0,3,2,1,0,0,0,0,0,0,0,0,0,0,0
manne-srinivas-reddy,Manne Srinivas Reddy,BRS,Telangana,Mahabubnagar,Male,65 years,Graduate,64,13,356,356,0,https://prsindia.org/mptrack/17-lok-sabha/manne-srinivas-reddy,23,19,12,21,16,10,14,9,13,11,13,9,11,5,11,5,4,4,6,13,7,10,7,6,10,2,6,3,8,5,6,7,0,3,4,1,3,6,0,3,1,7,1,4,2,3,1,2,2,2,1,2,0,0,0,1,1,0,0,0,0,0,0
anumula-revanth-reddy,Anumula Revanth Reddy,INC,Telangana,Malkajgiri,Male,56 years,Graduate,66,17,197,197,0,https://prsindia.org/mptrack/17-lok-sabha/anumula-revanth-reddy,18,7,6,9,10,8,8,3,1,8,11,3,3,4,4,7,3,2,3,3,5,3,5,1,3,2,6,1,9,2,2,0,0,5,4,1,2,4,5,0,4,1,3,2,0,1,1,1,1,0,2,0,0,0,0,0,0,0,0,0,0,0,0
kotha-prabhakar-reddy,Kotha Prabhakar Reddy,BRS,Telangana,Medak,Male,58 years,Graduate,51,36,332,332,0,https://prsindia.org/mptrack/17-lok-sabha/kotha-prabhakar-reddy,16,18,10,21,15,18,7,11,12,12,14,12,4,6,7,9,4,8,7,7,4,14,4,4,10,3,5,5,7,9,4,7,3,3,3,1,2,3,3,1,1,4,0,2,2,0,4,0,2,0,1,3,0,0,0,0,0,0,0,0,0,0,0
ramulu-pothuganti,Ramulu Pothuganti,BRS,Telangana,Nagarkurnool,Male,71 years,Graduate,81,22,6,6,0,https://prsindia.org/mptrack/17-lok-sabha/ramulu-pothuganti,2,0,0,1,0,0,0,0,0,0,0,0,0,0,0,1,0,0,0,0,0,0,0,1,0,0,0,0,0,0,0,0,0,0,0,0,0,0,1,0,0,0,0,0,0,0,0,0,0,0,0,0,0,0,0,0,0,0,0,0,0,0,0
uttam-kumar-nalamada-reddy,Uttam Kumar Nalamada Reddy,INC,Telangana,Nalgonda,Male,61 years,Graduate,85,18,187,187,0,https://prsindia.org/mptrack/17-lok-sabha/uttam-kumar-nalamada-reddy,17,26,10,11,9,8,10,3,3,5,5,0,4,4,2,8,1,1,3,0,1,1,0,2,0,1,3,0,5,6,0,2,0,3,8,5,1,6,1,0,2,2,1,2,1,1,2,0,0,0,0,1,0,0,0,0,0,0,0,0,0,0,0
arvind-dharmapuri,Arvind Dharmapuri,BJP,Telangana,Nizamabad,Male,47 years,Post Graduate,88,5,92,92,0,https://prsindia.org/mptrack/17-lok-sabha/arvind-dharmapuri,7,3,3,2,2,1,4,3,3,4,2,5,3,1,5,1,1,0,1,2,1,4,2,1,3,2,0,2,1,2,4,3,3,0,1,3,1,0,0,2,0,1,0,0,0,0,1,1,0,0,0,0,0,1,0,0,0,0,0,0,0,0,0
venkatesh-netha-borlakunta,Venkatesh Netha Borlakunta,BRS,Telangana,Peddapalle,Male,47 years,Doctorate,61,5,240,240,0,https://prsindia.org/mptrack/17-lok-sabha/venkatesh-netha-borlakunta,18,12,12,17,7,4,6,8,3,8,5,10,6,8,8,6,3,4,4,5,5,6,3,1,3,4,5,2,2,2,6,6,2,4,4,1,2,6,2,0,0,2,3,0,2,1,4,0,0,4,2,2,0,0,0,0,0,0,0,0,0,0,0
g-kishan-reddy,G. Kishan Reddy,BJP,Telangana,Secunderabad,Male,63 years,Diploma Course,N/A,0,0,0,0,https://prsindia.org/mptrack/17-lok-sabha/g-kishan-reddy,0,0,0,0,0,0,0,0,0,0,0,0,0,0,0,0,0,0,0,0,0,0,0,0,0,0,0,0,0,0,0,0,0,0,0,0,0,0,0,0,0,0,0,0,0,0,0,0,0,0,0,0,0,0,0,0,0,0,0,0,0,0,0
dayakar-pasunoori,Dayakar Pasunoori,BRS,Telangana,Warangal,Male,56 years,Graduate,54,3,149,149,0,https://prsindia.org/mptrack/17-lok-sabha/dayakar-pasunoori,10,5,8,10,6,4,3,4,4,3,6,4,4,4,4,7,0,4,3,3,2,3,1,1,2,1,5,1,6,2,5,3,2,2,1,0,0,3,1,0,0,3,2,0,0,0,2,0,1,2,1,1,0,0,0,0,0,0,0,0,0,0,0
bheemrao-b-patil,Bheemrao B. Patil,BRS,Telangana,Zahirabad,Male,68 years,Graduate,80,66,269,269,0,https://prsindia.org/mptrack/17-lok-sabha/bheemrao-b-patil,11,15,11,5,13,8,2,12,10,7,2,5,1,1,7,4,18,16,3,7,3,3,7,12,9,4,5,2,4,7,9,3,6,2,8,4,5,1,0,5,1,0,8,1,0,0,0,0,1,1,0,0,0,0,0,0,0,0,0,0,0,0,0
rebati-tripura,Rebati Tripura,BJP,Tripura,Tripura East,Male,47 years,Information Not Available,91,13,235,235,0,https://prsindia.org/mptrack/17-lok-sabha/rebati-tripura,7,16,14,8,3,6,8,8,8,9,7,10,1,2,5,3,7,6,4,9,2,3,2,12,6,11,3,3,3,3,5,2,5,5,2,5,1,2,1,5,1,3,0,0,1,0,0,3,1,0,1,0,2,1,0,0,0,0,0,0,0,0,0
pratima-bhoumik,Pratima Bhoumik,BJP,Tripura,Tripura West,Female,54 years,Information Not Available,84,17,164,164,0,https://prsindia.org/mptrack/17-lok-sabha/pratima-bhoumik,14,8,6,6,1,3,1,5,2,3,7,3,2,5,4,6,5,5,3,2,3,3,4,1,3,5,3,5,4,3,2,2,3,6,2,2,4,1,5,1,0,1,0,0,1,1,0,1,2,1,0,0,3,1,0,0,0,0,0,0,0,0,0
sp-singh-baghel,S.P. Singh Baghel,BJP,Uttar Pradesh,Agra,Male,63 years,Doctorate,95,23,5,5,0,https://prsindia.org/mptrack/17-lok-sabha/sp-singh-baghel,0,0,0,0,0,1,0,0,0,0,0,0,0,0,0,0,0,0,0,0,0,0,0,1,0,0,0,1,0,0,0,1,1,0,0,0,0,0,0,0,0,0,0,0,0,0,0,0,0,0,0,0,0,0,0,0,0,0,0,0,0,0,0
devendra-singh-bhole-singh,Devendra Singh @ Bhole Singh,BJP,Uttar Pradesh,Akbarpur,Male,69 years,Matric,87,25,51,51,0,https://prsindia.org/mptrack/17-lok-sabha/devendra-singh-bhole-singh,1,5,4,0,2,1,1,1,2,1,0,0,1,0,5,0,4,3,0,1,3,1,1,0,0,1,1,2,1,1,2,0,0,0,1,0,0,0,0,1,1,0,0,0,0,0,2,1,0,0,0,0,0,0,0,0,0,0,0,0,0,0,0
satish-kumar,Satish Kumar,BJP,Uttar Pradesh,Aligarh,Male,51 years,Matric,89,8,0,0,0,https://prsindia.org/mptrack/17-lok-sabha/satish-kumar,0,0,0,0,0,0,0,0,0,0,0,0,0,0,0,0,0,0,0,0,0,0,0,0,0,0,0,0,0,0,0,0,0,0,0,0,0,0,0,0,0,0,0,0,0,0,0,0,0,0,0,0,0,0,0,0,0,0,0,0,0,0,0
rita-bahuguna-joshi,Rita Bahuguna Joshi,BJP,Uttar Pradesh,Allahabad,Female,74 years,Information Not Available,76,28,310,310,0,https://prsindia.org/mptrack/17-lok-sabha/rita-bahuguna-joshi,13,10,12,10,13,9,13,15,9,7,6,12,7,8,6,4,6,2,5,10,11,5,6,9,5,8,7,4,15,5,4,2,2,1,2,9,2,4,4,6,4,2,1,2,3,1,2,1,1,0,2,0,2,0,0,1,0,0,0,0,0,0,0
ritesh-pandey,Ritesh Pandey,BSP,Uttar Pradesh,Ambedkar Nagar,Male,42 years,Graduate,93,137,235,235,4,https://prsindia.org/mptrack/17-lok-sabha/ritesh-pandey,12,7,9,14,6,14,9,7,3,4,10,3,4,5,5,7,2,8,3,8,2,8,2,3,3,5,6,1,3,3,1,8,1,6,8,4,3,2,8,1,0,3,2,0,3,0,1,4,0,1,1,2,0,0,0,0,0,0,0,0,0,0,0
smriti-zubin-irani,Smriti Zubin Irani,BJP,Uttar Pradesh,Amethi,Female,47 years,Graduate,N/A,0,0,0,0,https://prsindia.org/mptrack/17-lok-sabha/smriti-zubin-irani,0,0,0,0,0,0,0,0,0,0,0,0,0,0,0,0,0,0,0,0,0,0,0,0,0,0,0,0,0,0,0,0,0,0,0,0,0,0,0,0,0,0,0,0,0,0,0,0,0,0,0,0,0,0,0,0,0,0,0,0,0,0,0
kunwar-danish-ali,Kunwar Danish Ali,BSP,Uttar Pradesh,Amroha,Male,48 years,Post Graduate,97,143,212,212,2,https://prsindia.org/mptrack/17-lok-sabha/kunwar-danish-ali,17,11,11,13,17,6,6,8,5,4,21,1,7,4,4,1,1,6,3,3,1,2,0,2,3,0,6,0,3,1,0,11,2,3,2,1,1,0,2,0,0,2,16,0,0,1,1,0,0,2,0,0,0,0,0,1,0,0,0,0,0,0,0
dharmendra-kumar,Dharmendra Kumar,BJP,Uttar Pradesh,Aonla,Male,55 years,Matric,93,8,138,138,0,https://prsindia.org/mptrack/17-lok-sabha/dharmendra-kumar,9,8,9,4,16,1,1,6,7,7,2,2,3,2,8,4,4,1,0,3,0,5,1,0,0,0,4,1,0,1,3,0,1,1,2,0,0,0,3,1,2,1,8,0,0,0,3,1,0,0,3,0,0,0,0,0,0,0,0,0,0,0,0
akhilesh-yadav,Akhilesh Yadav,SP,Uttar Pradesh,Azamgarh,Male,50 years,Post Graduate,32,5,0,0,0,https://prsindia.org/mptrack/17-lok-sabha/akhilesh-yadav,0,0,0,0,0,0,0,0,0,0,0,0,0,0,0,0,0,0,0,0,0,0,0,0,0,0,0,0,0,0,0,0,0,0,0,0,0,0,0,0,0,0,0,0,0,0,0,0,0,0,0,0,0,0,0,0,0,0,0,0,0,0,0
dinesh-lal-nirahua-yadav,"Dinesh Lal ""Nirahua"" Yadav",BJP,Uttar Pradesh,Azamgarh,Male,,Information Not Available,90,3,36,36,0,https://prsindia.org/mptrack/17-lok-sabha/dinesh-lal-nirahua-yadav,4,2,4,1,3,1,1,1,0,1,0,1,0,0,2,0,0,0,0,1,0,0,0,0,0,2,0,2,1,1,2,0,0,0,0,0,1,0,0,0,1,0,0,0,0,0,2,0,1,0,1,0,0,0,0,0,0,0,0,0,0,0,0
sanghamitra-maurya,Sanghamitra Maurya,BJP,Uttar Pradesh,Badaun,Female,39 years,Information Not Available,98,57,86,86,0,https://prsindia.org/mptrack/17-lok-sabha/sanghamitra-maurya,9,4,4,3,2,4,3,3,3,1,2,1,7,1,5,3,4,5,3,0,2,1,1,3,0,0,0,0,1,0,2,0,1,0,0,1,0,0,2,0,0,1,2,0,1,0,1,0,0,0,0,0,0,0,0,0,0,0,0,0,0,0,0
satya-pal-singh,Satya Pal Singh,BJP,Uttar Pradesh,Baghpat,Male,68 years,Doctorate,97,50,18,18,2,https://prsindia.org/mptrack/17-lok-sabha/satya-pal-singh,0,1,0,2,0,0,0,0,0,3,2,1,1,1,0,0,1,1,0,0,0,0,0,0,0,0,0,0,0,1,0,0,0,0,0,2,0,0,2,0,0,0,0,0,0,0,0,0,0,0,0,0,0,0,0,0,0,0,0,0,0,0,0
akshaibar-lal,Akshaibar Lal,BJP,Uttar Pradesh,Bahraich,Male,77 years,Matric,81,11,14,14,0,https://prsindia.org/mptrack/17-lok-sabha/akshaibar-lal,0,0,5,0,0,3,0,0,0,0,0,0,0,0,0,1,1,0,0,0,0,0,0,0,0,0,0,0,0,0,0,0,0,0,0,2,1,0,0,0,0,1,0,0,0,0,0,0,0,0,0,0,0,0,0,0,0,0,0,0,0,0,0
virendra-singh,Virendra Singh,BJP,Uttar Pradesh,Ballia,Male,67 years,Graduate,91,27,0,0,0,https://prsindia.org/mptrack/17-lok-sabha/virendra-singh,0,0,0,0,0,0,0,0,0,0,0,0,0,0,0,0,0,0,0,0,0,0,0,0,0,0,0,0,0,0,0,0,0,0,0,0,0,0,0,0,0,0,0,0,0,0,0,0,0,0,0,0,0,0,0,0,0,0,0,0,0,0,0
rk-singh-patel,R.K. Singh Patel,BJP,Uttar Pradesh,Banda,Male,64 years,Graduate,85,37,85,85,0,https://prsindia.org/mptrack/17-lok-sabha/rk-singh-patel,5,8,10,3,7,0,0,3,7,2,0,1,6,1,5,1,7,3,1,0,1,0,3,2,0,0,0,1,2,1,0,0,2,0,1,1,0,0,0,0,0,0,0,0,0,0,0,0,0,0,0,1,0,0,0,0,0,0,0,0,0,0,0
kamlesh-paswan,Kamlesh Paswan,BJP,Uttar Pradesh,Bansgaon,Male,47 years,Inter/ Higher Secondary,87,10,26,26,0,https://prsindia.org/mptrack/17-lok-sabha/kamlesh-paswan,2,1,1,0,0,0,1,2,3,0,1,0,0,1,3,0,0,0,1,0,1,2,0,2,0,1,0,1,0,0,0,0,1,1,0,0,0,0,1,0,0,0,0,0,0,0,0,0,0,0,0,0,0,0,0,0,0,0,0,0,0,0,0
upendra-singh-rawat,Upendra Singh Rawat,BJP,Uttar Pradesh,Barabanki,Male,55 years,Information Not Available,86,7,212,212,0,https://prsindia.org/mptrack/17-lok-sabha/upendra-singh-rawat,16,9,15,6,7,6,3,7,6,16,8,3,3,3,5,2,9,7,4,1,4,8,2,5,2,0,5,6,6,1,4,0,2,6,4,0,2,0,6,0,1,0,1,0,4,2,1,0,2,0,0,2,0,0,0,0,0,0,0,0,0,0,0
santosh-kumar-gangwar,Santosh Kumar Gangwar,BJP,Uttar Pradesh,Bareilly,Male,75 years,Professional Graduate,94,1,9,9,0,https://prsindia.org/mptrack/17-lok-sabha/santosh-kumar-gangwar,0,0,0,0,1,1,0,0,1,0,0,1,0,0,0,0,0,0,0,0,1,0,1,0,0,0,0,0,1,0,0,1,0,0,0,0,0,0,0,0,0,0,0,0,0,0,0,0,0,0,0,1,0,0,0,0,0,0,0,0,0,0,0
harish-chandra-alias-harish-dwivedi,Harish Chandra Alias Harish Dwivedi,BJP,Uttar Pradesh,Basti,Male,50 years,Post Graduate,74,21,190,190,0,https://prsindia.org/mptrack/17-lok-sabha/harish-chandra-alias-harish-dwivedi,14,12,9,7,10,8,5,8,4,1,5,6,4,8,1,4,5,8,3,2,1,2,5,4,1,0,5,3,3,1,1,3,4,5,6,1,2,0,2,4,1,1,0,0,1,1,2,0,0,0,4,1,1,0,1,0,0,0,0,0,0,0,0
ramesh-chand,Ramesh Chand,BJP,Uttar Pradesh,Bhadohi,Male,49 years,Professional Graduate,92,6,61,61,2,https://prsindia.org/mptrack/17-lok-sabha/ramesh-chand,7,4,2,1,0,1,4,4,0,0,0,4,1,2,4,2,2,2,1,1,2,0,0,2,0,1,1,2,1,0,2,0,2,0,1,0,0,1,0,1,0,1,0,1,0,0,0,0,0,0,0,1,0,0,0,0,0,0,0,0,0,0,0
malook-nagar,Malook Nagar,BSP,Uttar Pradesh,Bijnor,Male,59 years,Graduate,95,606,255,255,3,https://prsindia.org/mptrack/17-lok-sabha/malook-nagar,20,14,9,12,4,10,10,6,10,3,3,4,9,3,10,11,6,6,5,4,7,6,5,4,8,5,4,5,7,4,3,1,5,0,2,8,5,2,4,0,1,0,1,1,2,0,0,1,0,1,0,0,0,1,2,1,0,0,0,0,0,0,0
bhola-singh,Bhola Singh,BJP,Uttar Pradesh,Bulandshahr,Male,46 years,Graduate,96,35,564,564,5,https://prsindia.org/mptrack/17-lok-sabha/bhola-singh,35,14,16,27,23,18,12,14,21,24,18,19,9,13,10,6,12,12,8,7,16,8,9,6,11,11,9,13,15,4,7,10,5,9,8,3,10,6,12,4,9,10,2,8,8,8,3,6,1,4,3,1,2,2,2,0,0,0,0,1,0,0,0
mahendra-nath-pandey,Mahendra Nath Pandey,BJP,Uttar Pradesh,Chandauli,Male,66 years,Doctorate,N/A,0,0,0,0,https://prsindia.org/mptrack/17-lok-sabha/mahendra-nath-pandey,0,0,0,0,0,0,0,0,0,0,0,0,0,0,0,0,0,0,0,0,0,0,0,0,0,0,0,0,0,0,0,0,0,0,0,0,0,0,0,0,0,0,0,0,0,0,0,0,0,0,0,0,0,0,0,0,0,0,0,0,0,0,0
ramapati-ram-tripathi,Ramapati Ram Tripathi,BJP,Uttar Pradesh,Deoria,Male,73 years,Inter/ Higher Secondary,93,28,239,239,4,https://prsindia.org/mptrack/17-lok-sabha/ramapati-ram-tripathi,11,9,7,5,6,11,7,12,8,8,3,5,6,6,9,5,4,5,7,10,3,6,3,5,3,7,4,5,5,5,2,3,6,3,2,4,3,4,1,1,0,2,0,6,2,2,3,2,3,0,0,0,0,0,0,0,0,0,0,0,0,0,0
rekha-verma,Rekha Verma,BJP,Uttar Pradesh,Dhaurahra,Female,50 years,Inter/ Higher Secondary,83,61,92,92,0,https://prsindia.org/mptrack/17-lok-sabha/rekha-verma,5,5,4,2,4,3,4,4,4,4,1,4,3,3,4,1,7,3,2,1,3,1,0,0,2,1,0,1,2,0,2,0,4,0,3,0,1,1,0,1,0,0,0,0,0,1,1,0,0,0,0,0,0,0,0,0,0,0,0,0,0,0,0
jagdambika-pal,Jagdambika Pal,BJP,Uttar Pradesh,Domariyaganj,Male,73 years,Post Graduate,99,193,339,339,12,https://prsindia.org/mptrack/17-lok-sabha/jagdambika-pal,21,12,5,5,7,17,9,14,11,11,13,11,6,4,9,6,3,4,4,1,9,12,6,13,7,4,9,10,8,5,6,8,5,5,6,3,5,4,4,3,3,5,4,4,6,2,1,3,3,0,1,1,0,1,0,0,0,0,0,0,0,0,0
rajveer-singh-raju-bhaiya,Rajveer Singh (Raju Bhaiya),BJP,Uttar Pradesh,Etah,Male,64 years,Professional Graduate,81,9,265,265,0,https://prsindia.org/mptrack/17-lok-sabha/rajveer-singh-raju-bhaiya,16,6,6,16,17,3,5,8,9,11,5,11,4,3,5,2,7,4,3,3,10,5,5,4,8,3,6,7,6,2,2,4,4,0,2,3,3,4,7,4,4,2,0,5,3,6,3,3,1,1,2,0,0,1,1,0,0,0,0,0,0,0,0
ram-shankar-katheria,Ram Shankar Katheria,BJP,Uttar Pradesh,Etawah,Male,59 years,Doctorate,75,23,137,137,0,https://prsindia.org/mptrack/17-lok-sabha/ram-shankar-katheria,5,2,8,3,4,10,2,2,1,8,1,2,4,6,8,6,4,0,0,1,3,0,3,3,8,2,1,6,0,5,1,1,0,1,1,3,3,0,1,1,5,0,1,0,1,0,1,1,0,0,5,0,1,0,2,0,0,0,0,0,0,0,0
lallu-singh,Lallu Singh,BJP,Uttar Pradesh,Faizabad,Male,69 years,Professional Graduate,91,8,168,168,0,https://prsindia.org/mptrack/17-lok-sabha/lallu-singh,8,3,7,8,6,3,3,5,2,6,6,1,3,3,4,7,8,4,4,2,6,1,6,5,2,8,5,1,3,1,4,5,3,2,0,1,2,0,2,2,1,2,2,0,1,2,1,0,2,0,2,2,0,0,0,0,1,0,0,0,0,0,0
mukesh-rajput,Mukesh Rajput,BJP,Uttar Pradesh,Farrukhabad,Male,55 years,Graduate,95,46,57,57,0,https://prsindia.org/mptrack/17-lok-sabha/mukesh-rajput,1,5,5,3,1,4,3,0,3,1,0,0,2,2,0,1,4,0,2,1,0,1,0,3,0,1,2,1,1,0,0,0,0,1,1,0,0,0,0,1,2,0,2,0,0,0,1,0,0,2,0,0,0,0,0,0,0,0,0,0,0,0,0
niranjan-jyoti,Niranjan Jyoti,BJP,Uttar Pradesh,Fatehpur,Female,57 years,Inter/ Higher Secondary,N/A,0,0,0,0,https://prsindia.org/mptrack/17-lok-sabha/niranjan-jyoti,0,0,0,0,0,0,0,0,0,0,0,0,0,0,0,0,0,0,0,0,0,0,0,0,0,0,0,0,0,0,0,0,0,0,0,0,0,0,0,0,0,0,0,0,0,0,0,0,0,0,0,0,0,0,0,0,0,0,0,0,0,0,0
rajkumar-chahar,Rajkumar Chahar,BJP,Uttar Pradesh,Fatehpur Sikri,Male,56 years,Graduate,89,12,60,60,0,https://prsindia.org/mptrack/17-lok-sabha/rajkumar-chahar,1,8,0,1,0,6,4,0,5,2,3,2,0,0,0,0,0,1,0,0,1,1,2,2,1,0,0,12,1,1,0,1,1,0,0,1,0,0,2,1,0,0,0,0,0,0,0,0,0,0,0,0,0,0,0,0,0,0,0,0,0,0,0
chandra-sen-jadon,Chandra Sen Jadon,BJP,Uttar Pradesh,Firozabad,Male,73 years,Graduate,98,17,51,51,0,https://prsindia.org/mptrack/17-lok-sabha/chandra-sen-jadon,8,4,1,4,1,2,1,1,2,1,1,2,1,1,1,2,0,1,1,1,2,0,1,1,1,0,1,2,0,1,2,0,2,0,0,1,0,0,0,1,0,0,0,0,0,0,0,0,0,0,0,0,0,0,0,0,0,0,0,0,0,0,0
mahesh-sharma,Mahesh Sharma,BJP,Uttar Pradesh,Gautam Buddha Nagar,Male,64 years,Professional Graduate,83,4,6,6,0,https://prsindia.org/mptrack/17-lok-sabha/mahesh-sharma,2,0,1,0,2,0,1,0,0,0,0,0,0,0,0,0,0,0,0,0,0,0,0,0,0,0,0,0,0,0,0,0,0,0,0,0,0,0,0,0,0,0,0,0,0,0,0,0,0,0,0,0,0,0,0,0,0,0,0,0,0,0,0
vijay-kumar-singh,Vijay Kumar Singh,BJP,Uttar Pradesh,Ghaziabad,Male,72 years,Doctorate,N/A,0,0,0,0,https://prsindia.org/mptrack/17-lok-sabha/vijay-kumar-singh,0,0,0,0,0,0,0,0,0,0,0,0,0,0,0,0,0,0,0,0,0,0,0,0,0,0,0,0,0,0,0,0,0,0,0,0,0,0,0,0,0,0,0,0,0,0,0,0,0,0,0,0,0,0,0,0,0,0,0,0,0,0,0
afzal-ansari,Afzal Ansari,BSP,Uttar Pradesh,Ghazipur,Male,70 years,Post Graduate,73,3,0,0,0,https://prsindia.org/mptrack/17-lok-sabha/afzal-ansari,0,0,0,0,0,0,0,0,0,0,0,0,0,0,0,0,0,0,0,0,0,0,0,0,0,0,0,0,0,0,0,0,0,0,0,0,0,0,0,0,0,0,0,0,0,0,0,0,0,0,0,0,0,0,0,0,0,0,0,0,0,0,0
atul-kumar-singh,Atul Kumar Singh,BSP,Uttar Pradesh,Ghosi,Male,41 years,Information Not Available,1,0,0,0,0,https://prsindia.org/mptrack/17-lok-sabha/atul-kumar-singh,0,0,0,0,0,0,0,0,0,0,0,0,0,0,0,0,0,0,0,0,0,0,0,0,0,0,0,0,0,0,0,0,0,0,0,0,0,0,0,0,0,0,0,0,0,0,0,0,0,0,0,0,0,0,0,0,0,0,0,0,0,0,0
kirti-vardhan-singh,Kirti Vardhan Singh,BJP,Uttar Pradesh,Gonda,Male,57 years,Post Graduate,70,7,47,47,0,https://prsindia.org/mptrack/17-lok-sabha/kirti-vardhan-singh,8,3,3,2,1,4,3,0,3,0,0,0,0,2,0,3,2,0,3,0,2,0,0,0,0,0,2,0,1,0,0,1,0,0,0,0,0,0,3,0,1,0,0,0,0,0,0,0,0,0,0,0,0,0,0,0,0,0,0,0,0,0,0
ravindra-shyamnarayan,Ravindra Shyamnarayan,BJP,Uttar Pradesh,Gorakhpur,Male,54 years,Graduate,68,81,480,480,10,https://prsindia.org/mptrack/17-lok-sabha/ravindra-shyamnarayan,28,19,33,18,17,21,14,7,13,11,11,10,15,17,12,11,10,11,9,4,12,4,12,6,10,6,4,16,9,9,8,8,11,4,2,4,7,8,3,4,6,4,1,5,7,5,4,2,0,1,4,1,0,0,1,0,1,0,0,0,0,0,0
pushpendra-singh-chandel,Pushpendra Singh Chandel,BJP,Uttar Pradesh,Hamirpur,Male,50 years,Post Graduate,94,1261,376,376,15,https://prsindia.org/mptrack/17-lok-sabha/pushpendra-singh-chandel,29,27,13,17,9,14,6,11,14,4,16,17,13,7,5,10,6,9,11,5,6,4,4,9,4,7,4,9,10,11,2,5,3,6,2,1,0,4,6,3,3,2,4,3,0,0,2,2,2,3,8,2,1,1,0,0,0,0,0,0,0,0,0
jai-prakash,Jai Prakash,BJP,Uttar Pradesh,Hardoi,Male,65 years,Professional Graduate,70,3,55,55,0,https://prsindia.org/mptrack/17-lok-sabha/jai-prakash,8,6,3,2,1,4,1,0,0,1,0,3,1,0,1,2,0,0,3,0,0,2,0,0,0,0,0,0,1,1,1,3,2,2,1,0,2,0,2,1,0,0,0,0,0,0,0,0,1,0,0,0,0,0,0,0,0,0,0,0,0,0,0
rajvir-diler,Rajvir Diler,BJP,Uttar Pradesh,Hathras,Male,65 years,Under Matric,94,7,39,39,0,https://prsindia.org/mptrack/17-lok-sabha/rajvir-diler,3,5,2,1,2,1,2,2,2,1,0,1,1,0,2,3,1,1,0,0,0,2,0,0,1,1,0,0,0,0,0,0,0,0,0,0,1,0,0,1,0,0,0,1,1,0,1,0,0,0,0,0,0,0,0,0,0,0,0,0,0,0,0
bhanu-pratap-singh-verma,Bhanu Pratap Singh Verma,BJP,Uttar Pradesh,Jalaun,Male,66 years,Post Graduate,97,31,49,49,1,https://prsindia.org/mptrack/17-lok-sabha/bhanu-pratap-singh-verma,3,3,7,4,0,0,3,1,0,0,0,0,0,0,0,1,2,1,1,0,3,1,0,2,0,1,1,0,2,3,1,0,1,3,1,1,1,0,1,0,0,0,0,0,0,1,0,0,0,0,0,0,0,0,0,0,0,0,0,0,0,0,0
shyam-singh-yadav,Shyam Singh Yadav,BSP,Uttar Pradesh,Jaunpur,Male,69 years,Post Graduate,97,53,196,196,5,https://prsindia.org/mptrack/17-lok-sabha/shyam-singh-yadav,15,9,6,11,8,11,5,6,7,4,5,6,4,2,4,5,3,4,3,2,1,4,4,2,2,3,2,2,4,3,4,5,5,2,4,1,2,2,1,0,1,0,5,2,4,4,1,0,0,2,1,2,0,1,0,0,0,0,0,0,0,0,0
anurag-sharma,Anurag Sharma,BJP,Uttar Pradesh,Jhansi,Male,59 years,Post Graduate,86,46,348,348,1,https://prsindia.org/mptrack/17-lok-sabha/anurag-sharma,23,17,13,11,13,8,6,14,8,15,5,6,5,9,10,9,5,8,5,9,8,5,8,4,7,12,6,9,7,8,9,3,6,1,6,6,4,6,3,3,3,7,2,2,3,0,3,4,1,0,1,0,0,0,1,0,1,0,0,0,0,0,0
pradeep-kumar,Pradeep Kumar,BJP,Uttar Pradesh,Kairana,Male,54 years,Information Not Available,93,18,22,22,0,https://prsindia.org/mptrack/17-lok-sabha/pradeep-kumar,1,0,2,1,2,2,2,1,0,0,0,0,2,1,1,0,0,2,0,0,0,0,0,1,0,0,0,1,0,0,0,0,1,0,0,0,1,0,0,0,0,1,0,0,0,0,0,0,0,0,0,0,0,0,0,0,0,0,0,0,0,0,0
brij-bhushan-sharan-singh,Brij Bhushan Sharan Singh,BJP,Uttar Pradesh,Kaiserganj,Male,67 years,Post Graduate,87,2,148,148,0,https://prsindia.org/mptrack/17-lok-sabha/brij-bhushan-sharan-singh,9,3,7,2,6,5,3,8,3,4,1,3,5,5,5,3,1,3,1,8,0,1,5,5,5,4,4,1,3,4,2,0,3,0,2,3,1,3,3,2,2,1,1,4,1,0,1,1,0,0,0,0,0,0,0,0,0,0,0,0,1,0,0
subrata-pathak,Subrata Pathak,BJP,Uttar Pradesh,Kannauj,Male,44 years,Graduate,79,14,255,255,2,https://prsindia.org/mptrack/17-lok-sabha/subrata-pathak,19,12,19,10,9,15,6,0,5,6,7,9,11,12,6,4,4,3,4,4,7,3,6,4,8,5,5,5,4,4,4,3,4,1,0,1,4,2,4,0,2,1,0,2,2,5,2,0,1,0,1,0,0,0,0,0,0,0,0,0,0,0,0
satyadev-pachauri,Satyadev Pachauri,BJP,Uttar Pradesh,Kanpur,Male,76 years,Information Not Available,91,24,172,172,0,https://prsindia.org/mptrack/17-lok-sabha/satyadev-pachauri,16,13,7,7,9,7,2,5,2,5,2,4,5,7,5,5,3,5,0,3,3,6,1,1,5,2,2,3,1,4,2,2,0,0,3,4,1,2,4,2,1,2,0,2,2,0,3,0,0,0,1,0,0,1,0,0,0,0,0,0,0,0,0
vinod-kumar-sonkar,Vinod Kumar Sonkar,BJP,Uttar Pradesh,Kaushambi,Male,53 years,Graduate,76,51,573,573,3,https://prsindia.org/mptrack/17-lok-sabha/vinod-kumar-sonkar,33,16,16,25,19,17,9,14,14,22,19,22,11,12,12,7,13,13,8,8,16,13,9,7,11,11,10,14,13,5,7,7,6,5,9,2,13,7,16,5,9,10,0,7,7,9,3,5,2,8,6,2,3,3,2,0,0,0,0,1,0,0,0
ajay-misra-teni,Ajay Misra Teni,BJP,Uttar Pradesh,Kheri,Male,63 years,Professional Graduate,96,56,160,160,4,https://prsindia.org/mptrack/17-lok-sabha/ajay-misra-teni,20,14,16,10,1,5,6,1,3,7,4,6,4,2,3,2,6,5,5,0,1,2,2,2,2,4,0,1,3,0,3,5,0,11,0,1,1,0,0,1,0,0,0,0,0,0,0,0,0,1,0,0,0,0,0,0,0,0,0,0,0,0,0
vijay-kumar-dubey,Vijay Kumar Dubey,BJP,Uttar Pradesh,Kushi Nagar,Male,63 years,Information Not Available,78,21,216,216,0,https://prsindia.org/mptrack/17-lok-sabha/vijay-kumar-dubey,12,14,12,6,3,5,6,9,6,8,3,3,0,2,8,4,10,2,3,7,3,5,2,13,8,7,2,7,2,2,4,0,4,4,5,3,2,2,0,7,1,3,0,0,0,0,1,2,1,0,1,0,2,0,0,0,0,0,0,0,0,0,0
sangeeta-azad,Sangeeta Azad,BSP,Uttar Pradesh,Lalganj,Female,42 years,Information Not Available,85,67,93,93,0,https://prsindia.org/mptrack/17-lok-sabha/sangeeta-azad,17,3,5,1,1,0,5,2,2,1,2,3,5,4,4,1,3,2,0,2,0,4,0,0,2,2,2,1,2,3,4,0,1,1,0,0,0,0,0,0,2,1,0,0,0,0,1,0,0,0,2,1,0,0,0,0,1,0,0,0,0,0,0
rajnath-singh,Rajnath Singh,BJP,Uttar Pradesh,Lucknow,Male,72 years,Post Graduate,N/A,0,0,0,0,https://prsindia.org/mptrack/17-lok-sabha/rajnath-singh,0,0,0,0,0,0,0,0,0,0,0,0,0,0,0,0,0,0,0,0,0,0,0,0,0,0,0,0,0,0,0,0,0,0,0,0,0,0,0,0,0,0,0,0,0,0,0,0,0,0,0,0,0,0,0,0,0,0,0,0,0,0,0
bholanath-bp-saroj,Bholanath (B.P. Saroj),BJP,Uttar Pradesh,Machhlishahr,Male,63 years,Information Not Available,98,13,144,144,0,https://prsindia.org/mptrack/17-lok-sabha/bholanath-bp-saroj,7,7,9,4,5,3,3,3,7,5,4,4,4,2,0,0,6,5,6,0,5,4,1,4,3,1,9,3,3,0,1,4,3,0,2,3,2,1,4,2,1,0,0,0,0,2,0,0,1,0,0,1,0,0,0,0,0,0,0,0,0,0,0
pankaj-chowdhary,Pankaj Chowdhary,BJP,Uttar Pradesh,Maharajganj,Male,59 years,Graduate,94,20,103,103,0,https://prsindia.org/mptrack/17-lok-sabha/pankaj-chowdhary,8,5,10,3,1,7,5,3,4,2,4,6,4,3,2,6,0,1,5,1,0,1,1,1,1,1,2,0,0,0,1,0,0,7,1,0,0,0,1,1,0,0,1,0,0,2,0,1,0,0,0,1,0,0,0,0,0,0,0,0,0,0,0
dimple-yadav,Dimple Yadav,SP,Uttar Pradesh,Mainpuri,Female,46 years,Graduate,67,8,16,16,0,https://prsindia.org/mptrack/17-lok-sabha/dimple-yadav,1,0,1,1,1,0,0,2,1,1,0,0,0,1,1,0,0,1,0,1,2,0,0,0,0,0,0,0,0,0,0,0,0,0,0,0,0,0,0,0,0,0,0,0,0,0,0,0,0,0,1,0,0,0,0,0,0,0,0,1,0,0,0
mulayam-singh-yadav,Mulayam Singh Yadav,SP,Uttar Pradesh,Mainpuri,Male,84 years,Post Graduate,62,1,0,0,0,https://prsindia.org/mptrack/17-lok-sabha/mulayam-singh-yadav,0,0,0,0,0,0,0,0,0,0,0,0,0,0,0,0,0,0,0,0,0,0,0,0,0,0,0,0,0,0,0,0,0,0,0,0,0,0,0,0,0,0,0,0,0,0,0,0,0,0,0,0,0,0,0,0,0,0,0,0,0,0,0
hema-malini,Hema Malini,BJP,Uttar Pradesh,Mathura,Female,75 years,Matric,50,20,105,105,0,https://prsindia.org/mptrack/17-lok-sabha/hema-malini,14,12,1,0,8,11,6,2,0,4,0,2,1,1,2,1,7,1,0,5,0,0,1,7,0,0,1,4,0,1,0,0,3,3,0,0,0,0,0,4,0,0,0,0,0,0,0,0,0,0,0,1,2,0,0,0,0,0,0,0,0,0,0
rajendra-agrawal,Rajendra Agrawal,BJP,Uttar Pradesh,Meerut,Male,72 years,Post Graduate,97,97,232,232,6,https://prsindia.org/mptrack/17-lok-sabha/rajendra-agrawal,21,12,6,7,4,11,13,5,3,6,0,4,3,3,3,4,4,6,5,7,4,8,2,4,9,3,5,7,6,4,6,0,3,4,1,0,4,1,3,10,3,2,5,3,2,2,0,0,0,2,0,0,1,0,1,0,0,0,0,0,0,0,0
anupriya-singh-patel,Anupriya Singh Patel,AD,Uttar Pradesh,Mirzapur,Female,42 years,Professional Post Graduate,96,44,9,9,0,https://prsindia.org/mptrack/17-lok-sabha/anupriya-singh-patel,3,0,0,1,0,0,0,0,0,1,0,0,0,0,0,0,0,0,0,0,0,0,1,0,1,0,0,0,0,0,1,0,0,0,0,0,0,0,0,1,0,0,0,0,0,0,0,0,0,0,0,0,0,0,0,0,0,0,0,0,0,0,0
ashok-kumar-rawat,Ashok Kumar Rawat,BJP,Uttar Pradesh,Misrikh,Male,48 years,Post Graduate,88,61,319,319,0,https://prsindia.org/mptrack/17-lok-sabha/ashok-kumar-rawat,20,21,33,11,9,16,13,10,10,6,8,3,6,6,15,4,0,3,4,4,7,11,5,7,1,1,5,7,6,1,4,3,0,6,16,0,12,1,5,2,1,1,1,1,1,1,0,2,6,1,0,1,0,1,0,0,0,0,0,0,0,0,0
kaushal-kishore,Kaushal Kishore,BJP,Uttar Pradesh,Mohanlalganj,Male,64 years,Inter/ Higher Secondary,76,5,143,143,0,https://prsindia.org/mptrack/17-lok-sabha/kaushal-kishore,12,8,10,8,1,3,6,7,2,11,9,1,4,2,2,3,3,3,2,2,1,2,2,3,2,0,2,4,4,1,0,1,1,3,2,1,3,1,6,1,0,1,0,0,2,0,0,0,0,0,0,0,1,0,0,0,0,0,0,0,0,0,0
st-hasan,S.T. Hasan,SP,Uttar Pradesh,Moradabad,Male,65 years,Information Not Available,86,55,13,13,0,https://prsindia.org/mptrack/17-lok-sabha/st-hasan,2,0,0,0,2,0,0,0,4,0,0,0,0,1,0,0,0,1,1,0,0,0,1,0,0,0,0,0,0,0,0,0,0,0,0,0,0,0,1,0,0,0,0,0,0,0,0,0,0,0,0,0,0,0,0,0,0,0,0,0,0,0,0
sanjeev-kumar-balyan,Sanjeev Kumar Balyan,BJP,Uttar Pradesh,Muzaffarnagar,Male,51 years,Doctorate,N/A,0,0,0,0,https://prsindia.org/mptrack/17-lok-sabha/sanjeev-kumar-balyan,0,0,0,0,0,0,0,0,0,0,0,0,0,0,0,0,0,0,0,0,0,0,0,0,0,0,0,0,0,0,0,0,0,0,0,0,0,0,0,0,0,0,0,0,0,0,0,0,0,0,0,0,0,0,0,0,0,0,0,0,0,0,0
girish-chandra,Girish Chandra,BSP,Uttar Pradesh,Nagina,Male,60 years,Information Not Available,91,221,104,104,0,https://prsindia.org/mptrack/17-lok-sabha/girish-chandra,6,4,5,2,11,2,4,4,2,2,2,1,7,1,5,2,6,0,2,8,0,3,0,0,0,0,7,0,2,2,5,0,2,2,1,1,0,0,1,0,0,0,2,0,0,0,0,0,0,0,0,0,0,0,0,0,0,0,0,0,0,0,0
keshari-devi-patel,Keshari Devi Patel,BJP,Uttar Pradesh,Phulpur,Female,67 years,Post Graduate,95,33,299,299,0,https://prsindia.org/mptrack/17-lok-sabha/keshari-devi-patel,30,22,24,17,10,8,9,8,14,5,9,2,8,5,7,9,7,8,5,4,6,4,6,8,6,1,0,2,3,3,5,1,8,5,4,2,1,0,6,2,0,1,1,2,3,0,3,1,0,0,1,1,1,0,0,1,0,0,0,0,0,0,0
feroze-varun-gandhi,Feroze Varun Gandhi,BJP,Uttar Pradesh,Pilibhit,Male,43 years,Graduate,79,5,206,206,5,https://prsindia.org/mptrack/17-lok-sabha/feroze-varun-gandhi,22,12,6,5,7,16,11,6,5,1,5,5,10,6,7,6,2,2,3,2,4,4,3,0,6,1,6,1,2,1,3,5,4,3,2,3,1,5,0,0,3,3,1,0,1,2,0,0,1,1,0,0,0,0,0,0,0,1,0,0,0,0,0
sangam-lal-gupta,Sangam Lal Gupta,BJP,Uttar Pradesh,Pratapgarh,Male,52 years,Information Not Available,88,52,384,384,0,https://prsindia.org/mptrack/17-lok-sabha/sangam-lal-gupta,23,17,16,8,18,14,13,11,9,16,6,7,12,5,8,6,5,10,8,17,9,4,13,10,6,8,9,5,8,8,8,3,3,2,3,4,3,7,3,4,5,2,1,6,7,2,3,4,2,0,1,0,0,1,0,0,0,0,0,0,1,0,0
sonia-gandhi,Sonia Gandhi,INC,Uttar Pradesh,Rae Bareli,Female,77 years,Diploma Course,49,6,0,0,0,https://prsindia.org/mptrack/17-lok-sabha/sonia-gandhi,0,0,0,0,0,0,0,0,0,0,0,0,0,0,0,0,0,0,0,0,0,0,0,0,0,0,0,0,0,0,0,0,0,0,0,0,0,0,0,0,0,0,0,0,0,0,0,0,0,0,0,0,0,0,0,0,0,0,0,0,0,0,0
ghanshyam-singh-lodhi,Ghanshyam Singh Lodhi,BJP,Uttar Pradesh,Rampur,Male,,Information Not Available,89,4,67,67,0,https://prsindia.org/mptrack/17-lok-sabha/ghanshyam-singh-lodhi,14,5,6,2,5,1,1,3,3,0,1,1,1,3,1,1,1,1,3,1,1,0,1,1,0,0,1,3,1,0,0,0,1,0,0,0,0,0,0,0,1,0,1,0,0,2,0,0,0,0,0,0,0,0,0,0,0,0,0,0,0,0,0
mohammad-azam-khan,Mohammad Azam Khan,SP,Uttar Pradesh,Rampur,Male,75 years,Information Not Available,28,5,11,11,0,https://prsindia.org/mptrack/17-lok-sabha/mohammad-azam-khan,0,1,0,1,0,0,1,0,0,0,1,0,0,0,0,0,0,0,0,0,0,2,0,0,0,0,0,0,0,0,1,0,0,1,0,0,0,0,0,0,0,0,3,0,0,0,0,0,0,0,0,0,0,0,0,0,0,0,0,0,0,0,0
pakauri-lal,Pakauri Lal,AD,Uttar Pradesh,Robertsganj,Male,71 years,Under Matric,81,2,0,0,0,https://prsindia.org/mptrack/17-lok-sabha/pakauri-lal,0,0,0,0,0,0,0,0,0,0,0,0,0,0,0,0,0,0,0,0,0,0,0,0,0,0,0,0,0,0,0,0,0,0,0,0,0,0,0,0,0,0,0,0,0,0,0,0,0,0,0,0,0,0,0,0,0,0,0,0,0,0,0
haji-fazlur-rehman,Haji Fazlur Rehman,BSP,Uttar Pradesh,Saharanpur,Male,72 years,Graduate,58,29,125,125,0,https://prsindia.org/mptrack/17-lok-sabha/haji-fazlur-rehman,16,2,12,8,8,0,5,5,3,4,7,0,0,2,4,3,0,1,4,2,0,6,1,2,1,2,5,0,2,2,0,1,1,0,4,2,2,0,0,2,0,0,5,0,0,0,0,0,0,0,0,1,0,0,0,0,0,0,0,0,0,0,0
ravindra-kushawaha,Ravindra Kushawaha,BJP,Uttar Pradesh,Salempur,Male,61 years,Inter/ Higher Secondary,87,52,425,425,0,https://prsindia.org/mptrack/17-lok-sabha/ravindra-kushawaha,28,22,29,14,12,20,11,7,14,8,8,8,12,17,13,11,12,11,6,5,9,4,8,6,9,6,4,9,9,9,7,6,9,4,4,2,5,7,2,3,4,2,0,5,6,4,5,1,1,1,4,0,1,0,1,0,0,0,0,0,0,0,0
shafiqur-rahman-barq,Shafiqur Rahman Barq,SP,Uttar Pradesh,Sambhal,Male,93 years,Graduate,92,14,1,1,0,https://prsindia.org/mptrack/17-lok-sabha/shafiqur-rahman-barq,0,0,0,0,1,0,0,0,0,0,0,0,0,0,0,0,0,0,0,0,0,0,0,0,0,0,0,0,0,0,0,0,0,0,0,0,0,0,0,0,0,0,0,0,0,0,0,0,0,0,0,0,0,0,0,0,0,0,0,0,0,0,0
pravin-kumar-nishad,Pravin Kumar Nishad,BJP,Uttar Pradesh,Sant Kabir Nagar,Male,35 years,Professional Graduate,78,4,17,17,0,https://prsindia.org/mptrack/17-lok-sabha/pravin-kumar-nishad,0,0,0,1,0,1,1,0,1,0,0,1,0,0,0,0,1,0,0,0,1,0,0,1,0,2,4,0,0,0,0,0,0,0,0,0,1,1,1,0,0,0,0,0,0,0,0,0,0,0,0,0,0,0,0,0,0,0,0,0,0,0,0
arun-kumar-sagar,Arun Kumar Sagar,BJP,Uttar Pradesh,Shahjahanpur,Male,47 years,Information Not Available,92,40,172,172,0,https://prsindia.org/mptrack/17-lok-sabha/arun-kumar-sagar,10,11,19,11,8,1,8,6,14,1,2,0,8,0,12,2,0,4,0,0,2,9,0,4,0,1,3,3,5,0,2,8,2,0,5,0,4,2,0,0,0,0,1,1,0,0,0,2,0,0,0,0,0,1,0,0,0,0,0,0,0,0,0
ram-shiromani,Ram Shiromani,BSP,Uttar Pradesh,Shrawasti,Male,48 years,Professional Graduate,97,95,77,77,0,https://prsindia.org/mptrack/17-lok-sabha/ram-shiromani,8,6,5,2,3,4,3,3,2,0,1,6,8,0,4,3,1,3,1,1,0,1,1,1,2,0,0,1,0,0,1,0,0,2,0,2,1,0,0,0,1,0,0,0,0,0,0,0,0,0,0,0,0,0,0,0,0,0,0,0,0,0,0
rajesh-verma,Rajesh Verma,BJP,Uttar Pradesh,Sitapur,Male,63 years,Post Graduate,88,22,113,113,0,https://prsindia.org/mptrack/17-lok-sabha/rajesh-verma,4,5,4,2,0,2,5,4,3,3,0,3,5,1,5,1,4,0,1,2,3,0,6,2,3,0,7,4,0,2,5,1,5,0,4,3,0,4,1,1,1,0,0,1,0,1,3,0,2,0,0,0,0,0,0,0,0,0,0,0,0,0,0
maneka-gandhi,Maneka Gandhi,BJP,Uttar Pradesh,Sultanpur,Female,67 years,Inter/ Higher Secondary,78,0,117,117,0,https://prsindia.org/mptrack/17-lok-sabha/maneka-gandhi,11,8,3,5,3,9,2,3,2,5,6,1,7,3,1,1,0,3,1,1,1,4,2,0,2,1,3,1,1,2,1,4,2,2,1,0,0,0,1,0,0,2,1,1,2,1,1,1,2,2,0,1,0,0,0,0,0,0,0,0,0,0,0
swami-sachchidanand-hari-sakshi,Swami Sachchidanand Hari Sakshi,BJP,Uttar Pradesh,Unnao,Male,68 years,Doctorate,93,1,25,25,0,https://prsindia.org/mptrack/17-lok-sabha/swami-sachchidanand-hari-sakshi,4,2,1,2,0,0,2,0,1,1,1,0,0,1,0,0,1,1,0,0,0,0,0,0,0,0,1,1,3,0,0,0,0,1,0,0,0,0,0,0,0,1,1,0,0,0,0,0,0,0,0,0,0,0,0,0,0,0,0,0,0,0,0
narendra-modi,Narendra Modi,BJP,Uttar Pradesh,Varanasi,Male,73 years,Post Graduate,N/A,0,0,0,0,https://prsindia.org/mptrack/17-lok-sabha/narendra-modi,0,0,0,0,0,0,0,0,0,0,0,0,0,0,0,0,0,0,0,0,0,0,0,0,0,0,0,0,0,0,0,0,0,0,0,0,0,0,0,0,0,0,0,0,0,0,0,0,0,0,0,0,0,0,0,0,0,0,0,0,0,0,0
ajay-tamta,Ajay Tamta,BJP,Uttarakhand,Almora,Male,51 years,Inter/ Higher Secondary,89,14,9,9,0,https://prsindia.org/mptrack/17-lok-sabha/ajay-tamta,0,1,0,0,0,1,0,0,2,0,0,0,0,0,0,0,0,1,0,0,0,0,0,0,0,0,0,0,1,1,0,0,0,1,0,0,1,0,0,0,0,0,0,0,0,0,0,0,0,0,0,0,0,0,0,0,0,0,0,0,0,0,0
tirath-singh-rawat,Tirath Singh Rawat,BJP,Uttarakhand,Garhwal,Male,59 years,Post Graduate,92,44,63,63,4,https://prsindia.org/mptrack/17-lok-sabha/tirath-singh-rawat,10,3,3,1,5,4,1,2,2,2,1,1,2,2,3,1,3,1,0,2,0,0,0,1,0,1,3,0,0,3,0,0,0,2,1,0,1,0,0,0,0,0,0,1,0,1,0,0,0,0,0,0,0,0,0,0,0,0,0,0,0,0,0
ramesh-pokhriyal-nishank,Ramesh Pokhriyal Nishank,BJP,Uttarakhand,Hardwar,Male,64 years,Doctorate,78,0,18,18,0,https://prsindia.org/mptrack/17-lok-sabha/ramesh-pokhriyal-nishank,0,4,1,0,0,1,0,0,1,0,0,2,0,2,0,0,1,0,0,0,1,0,0,1,0,0,0,0,0,0,2,1,0,0,0,0,0,0,0,0,0,0,0,0,0,1,0,0,0,0,0,0,0,0,0,0,0,0,0,0,0,0,0
ajay-bhatt,Ajay Bhatt,BJP,Uttarakhand,Nainital-Udhamsingh Nagar,Male,63 years,Professional Graduate,98,48,45,45,3,https://prsindia.org/mptrack/17-lok-sabha/ajay-bhatt,6,2,6,0,0,0,1,1,6,1,0,0,1,0,3,1,2,1,2,0,0,0,0,3,0,0,1,0,0,0,1,1,0,1,1,0,1,0,0,0,0,2,0,0,1,0,0,0,0,0,0,0,0,0,0,0,0,0,0,0,0,0,0
mala-rajya-laxmi-shah,Mala Rajya Laxmi Shah,BJP,Uttarakhand,Tehri Garhwal,Female,73 years,Inter/ Higher Secondary,86,10,147,147,0,https://prsindia.org/mptrack/17-lok-sabha/mala-rajya-laxmi-shah,15,10,9,5,7,6,1,6,6,2,10,5,1,2,1,4,3,5,6,0,1,0,1,2,4,1,3,4,4,5,1,2,2,0,1,0,0,2,2,1,1,0,2,1,0,0,1,0,0,1,0,1,0,0,0,0,0,0,0,0,0,0,0
john-barla,John Barla,BJP,West Bengal,Alipurduars,Male,48 years,Information Not Available,84,11,38,38,0,https://prsindia.org/mptrack/17-lok-sabha/john-barla,1,2,2,0,2,1,5,1,0,2,0,1,0,0,4,1,1,0,0,0,2,1,0,1,0,1,1,1,0,0,1,0,0,0,1,0,0,2,0,0,0,1,1,0,0,0,0,1,0,0,0,1,0,0,0,0,0,0,0,0,0,0,0
aparupa-poddar-afrin-ali,Aparupa Poddar (Afrin Ali),AITC,West Bengal,Arambagh,Female,38 years,Post Graduate,77,96,147,147,6,https://prsindia.org/mptrack/17-lok-sabha/aparupa-poddar-afrin-ali,9,6,7,5,7,2,5,8,4,3,4,4,6,3,6,3,1,2,2,3,1,3,4,2,4,3,4,1,5,1,1,3,3,0,0,2,1,0,2,1,3,2,3,0,2,1,1,0,1,0,0,2,0,0,0,0,0,0,0,1,0,0,0
babul-supriya-baral-babul-supriyo,Babul Supriya Baral (Babul Supriyo),BJP,West Bengal,Asansol,Male,53 years,Graduate,24,0,0,0,0,https://prsindia.org/mptrack/17-lok-sabha/babul-supriya-baral-babul-supriyo,0,0,0,0,0,0,0,0,0,0,0,0,0,0,0,0,0,0,0,0,0,0,0,0,0,0,0,0,0,0,0,0,0,0,0,0,0,0,0,0,0,0,0,0,0,0,0,0,0,0,0,0,0,0,0,0,0,0,0,0,0,0,0
shatrughan-sinha,Shatrughan Sinha,AITC,West Bengal,Asansol,Male,77 years,Graduate,63,0,0,0,0,https://prsindia.org/mptrack/17-lok-sabha/shatrughan-sinha,0,0,0,0,0,0,0,0,0,0,0,0,0,0,0,0,0,0,0,0,0,0,0,0,0,0,0,0,0,0,0,0,0,0,0,0,0,0,0,0,0,0,0,0,0,0,0,0,0,0,0,0,0,0,0,0,0,0,0,0,0,0,0
adhir-ranjan-chowdhury,Adhir Ranjan Chowdhury,INC,West Bengal,Baharampur,Male,67 years,Under Matric,89,233,69,69,5,https://prsindia.org/mptrack/17-lok-sabha/adhir-ranjan-chowdhury,5,1,3,3,3,3,6,1,0,2,5,1,3,0,3,0,2,0,3,0,0,5,0,0,0,1,0,0,3,0,0,2,2,3,1,0,1,0,0,0,1,0,2,0,0,1,1,0,0,1,0,0,1,0,0,0,0,0,0,0,0,0,0
sukanta-majumdar,Sukanta Majumdar,BJP,West Bengal,Balurghat,Male,44 years,Doctorate,73,47,654,654,7,https://prsindia.org/mptrack/17-lok-sabha/sukanta-majumdar,41,17,21,29,21,19,11,19,20,24,23,26,10,16,14,7,15,10,10,9,17,13,14,6,14,12,10,17,12,6,7,9,6,12,8,6,14,7,14,6,10,9,2,7,9,7,6,5,3,9,4,2,5,2,2,0,0,0,0,0,0,0,0
shantanu-thakur,Shantanu Thakur,BJP,West Bengal,Bangaon,Male,41 years,Information Not Available,74,9,111,111,0,https://prsindia.org/mptrack/17-lok-sabha/shantanu-thakur,3,4,7,0,1,5,3,4,2,1,0,1,4,2,2,3,4,1,1,2,2,4,2,3,3,3,3,4,1,1,3,2,3,4,2,2,1,2,2,2,0,3,2,0,0,2,0,1,0,0,0,1,0,2,0,0,0,1,0,0,0,0,0
subhas-sarkar,Subhas Sarkar,BJP,West Bengal,Bankura,Male,70 years,Information Not Available,82,27,52,52,0,https://prsindia.org/mptrack/17-lok-sabha/subhas-sarkar,2,2,1,0,0,2,3,2,3,0,0,4,1,0,1,3,3,0,0,3,0,0,1,0,0,2,1,1,0,1,0,1,2,1,0,1,1,2,0,1,0,1,2,0,0,0,1,0,2,1,0,0,0,0,0,0,0,0,0,0,0,0,0
kakoli-ghosh-dastidar,Kakoli Ghosh Dastidar,AITC,West Bengal,Barasat,Female,64 years,Professional Post Graduate,55,16,1,1,0,https://prsindia.org/mptrack/17-lok-sabha/kakoli-ghosh-dastidar,0,0,0,0,0,0,0,0,0,0,0,0,0,0,0,0,0,1,0,0,0,0,0,0,0,0,0,0,0,0,0,0,0,0,0,0,0,0,0,0,0,0,0,0,0,0,0,0,0,0,0,0,0,0,0,0,0,0,0,0,0,0,0
sunil-kumar-mondal,Sunil Kumar Mondal,AITC,West Bengal,Bardhaman Purba,Male,65 years,Professional Graduate,81,20,195,195,0,https://prsindia.org/mptrack/17-lok-sabha/sunil-kumar-mondal,12,6,8,11,2,7,6,9,2,2,4,2,7,6,3,4,2,5,3,2,7,1,4,5,9,2,3,0,2,5,4,5,3,3,4,4,4,5,3,1,1,1,1,2,2,2,2,1,2,0,0,1,1,2,0,0,0,0,0,0,0,0,0
ss-ahluwalia,S.S. Ahluwalia,BJP,West Bengal,Bardhaman-Durgapur,Male,72 years,Professional Graduate,77,12,0,0,0,https://prsindia.org/mptrack/17-lok-sabha/ss-ahluwalia,0,0,0,0,0,0,0,0,0,0,0,0,0,0,0,0,0,0,0,0,0,0,0,0,0,0,0,0,0,0,0,0,0,0,0,0,0,0,0,0,0,0,0,0,0,0,0,0,0,0,0,0,0,0,0,0,0,0,0,0,0,0,0
arjun-singh,Arjun Singh,BJP,West Bengal,Barrackpur,Male,61 years,Inter/ Higher Secondary,70,14,18,18,0,https://prsindia.org/mptrack/17-lok-sabha/arjun-singh,3,0,1,1,0,0,0,0,0,0,0,0,1,0,0,1,0,0,1,3,1,2,1,0,0,0,1,0,0,1,1,0,0,0,0,0,0,0,0,0,0,0,0,0,0,0,0,0,0,0,0,0,0,0,0,0,0,0,0,0,0,0,0
nusrat-jahan-ruhi,Nusrat Jahan Ruhi,AITC,West Bengal,Basirhat,Female,34 years,Post Graduate,23,12,147,147,0,https://prsindia.org/mptrack/17-lok-sabha/nusrat-jahan-ruhi,15,9,12,8,4,0,5,8,4,3,1,3,8,6,2,2,0,2,5,3,1,0,0,0,0,1,5,2,4,2,0,1,2,3,2,2,4,2,2,0,0,0,8,0,1,2,0,0,0,1,1,1,0,0,0,0,0,0,0,0,0,0,0
satabdi-roy,Satabdi Roy,AITC,West Bengal,Birbhum,Female,54 years,Graduate,77,24,1,1,0,https://prsindia.org/mptrack/17-lok-sabha/satabdi-roy,0,0,0,0,0,0,0,0,0,0,0,0,0,0,1,0,0,0,0,0,0,0,0,0,0,0,0,0,0,0,0,0,0,0,0,0,0,0,0,0,0,0,0,0,0,0,0,0,0,0,0,0,0,0,0,0,0,0,0,0,0,0,0
saumitra-khan,Saumitra Khan,BJP,West Bengal,Bishnupur,Male,43 years,Matric,78,27,120,120,0,https://prsindia.org/mptrack/17-lok-sabha/saumitra-khan,5,3,4,3,4,4,3,4,1,4,2,1,3,0,3,3,0,3,5,1,7,4,1,4,3,0,2,4,4,1,3,3,7,1,4,3,0,3,1,0,0,0,1,1,0,1,2,0,1,0,2,1,0,0,0,0,0,0,0,0,0,0,0
asit-kumar-mal,Asit Kumar Mal,AITC,West Bengal,Bolpur,Male,68 years,Information not available,75,22,5,5,0,https://prsindia.org/mptrack/17-lok-sabha/asit-kumar-mal,0,1,0,0,0,0,0,0,0,0,0,1,0,0,0,1,0,0,1,0,0,0,0,0,0,0,0,0,0,0,0,0,0,0,0,0,0,0,0,0,0,0,1,0,0,0,0,0,0,0,0,0,0,0,0,0,0,0,0,0,0,0,0
nisith-pramanik,Nisith Pramanik,BJP,West Bengal,Cooch Behar,Male,38 years,Graduate,80,8,77,77,0,https://prsindia.org/mptrack/17-lok-sabha/nisith-pramanik,5,3,2,0,4,3,2,4,1,3,0,2,1,1,4,0,0,2,0,2,1,3,1,0,3,2,2,3,0,0,0,2,0,0,2,0,3,1,1,3,1,2,1,2,2,0,0,1,0,1,0,0,0,1,0,0,0,0,0,0,0,0,0
raju-bista,Raju Bista,BJP,West Bengal,Darjeeling,Male,38 years,Graduate,91,95,221,221,1,https://prsindia.org/mptrack/17-lok-sabha/raju-bista,10,10,6,4,3,8,6,10,2,12,5,14,7,6,10,7,9,3,1,2,0,0,6,6,2,4,1,4,4,2,3,2,6,2,0,6,4,1,1,3,0,0,7,0,0,1,3,1,0,0,5,3,1,8,0,0,0,0,0,0,0,0,0
abhishek-banerjee,Abhishek Banerjee,AITC,West Bengal,Diamond Harbour,Male,36 years,Post Graduate,15,2,84,84,0,https://prsindia.org/mptrack/17-lok-sabha/abhishek-banerjee,10,1,3,4,5,2,4,4,2,2,2,1,1,1,3,2,0,1,1,0,0,3,0,1,4,4,2,0,1,0,0,0,0,0,2,3,2,0,1,2,1,0,2,0,0,1,1,1,0,0,0,0,0,3,0,0,0,1,0,0,0,0,0
saugata-roy,Saugata Roy,AITC,West Bengal,Dum Dum,Male,76 years,Post Graduate,82,195,350,350,3,https://prsindia.org/mptrack/17-lok-sabha/saugata-roy,27,9,12,21,9,21,7,5,1,11,17,12,9,10,5,9,5,9,14,4,8,8,11,7,0,1,4,3,4,3,2,14,4,4,6,3,9,0,11,1,2,0,2,7,4,6,1,2,0,0,4,1,1,0,0,0,0,0,0,0,0,0,0
adhikari-deepak-dev,Adhikari Deepak (Dev),AITC,West Bengal,Ghatal,Male,41 years,Graduate,12,2,106,106,0,https://prsindia.org/mptrack/17-lok-sabha/adhikari-deepak-dev,7,7,8,13,2,5,8,2,1,3,5,6,5,3,4,5,0,0,4,0,1,1,0,0,1,1,0,0,3,0,0,2,0,2,1,0,1,2,0,0,0,0,0,0,0,0,0,1,0,1,0,0,0,0,0,0,0,0,0,1,0,0,0
locket-chatterjee,Locket Chatterjee,BJP,West Bengal,Hooghly,Female,49 years,Graduate,88,43,295,295,2,https://prsindia.org/mptrack/17-lok-sabha/locket-chatterjee,28,7,12,10,11,13,16,9,8,8,7,4,10,7,6,9,10,1,5,5,2,3,6,4,9,3,10,11,2,4,2,3,4,1,4,1,1,8,4,6,1,1,2,0,2,5,2,2,0,1,1,2,1,1,0,0,0,0,0,0,0,0,0
prasun-banerjee,Prasun Banerjee,AITC,West Bengal,Howrah,Male,68 years,Graduate,73,21,82,82,0,https://prsindia.org/mptrack/17-lok-sabha/prasun-banerjee,14,2,3,5,0,3,0,2,0,4,6,2,2,3,1,3,1,0,3,1,1,4,3,2,1,0,0,0,2,2,1,1,1,2,0,1,0,0,0,1,0,1,3,1,0,0,0,0,0,0,0,0,0,0,0,0,0,0,0,0,0,0,0
mimi-chakraborty,Mimi Chakraborty,AITC,West Bengal,Jadavpur,Female,35 years,Information Not Available,21,7,161,161,0,https://prsindia.org/mptrack/17-lok-sabha/mimi-chakraborty,14,7,8,6,8,4,2,10,2,3,5,2,5,7,4,3,0,4,7,0,1,0,2,3,3,6,5,2,3,1,3,4,0,0,3,1,4,4,1,1,1,2,2,2,0,1,0,0,0,2,1,1,1,0,0,0,0,0,0,0,0,0,0
jayanta-kumar-roy,Jayanta Kumar Roy,BJP,West Bengal,Jalpaiguri,Male,56 years,Doctorate,88,17,492,492,0,https://prsindia.org/mptrack/17-lok-sabha/jayanta-kumar-roy,32,19,15,20,25,16,9,16,16,23,11,18,11,8,15,8,8,4,5,12,17,5,10,5,10,12,13,8,7,4,6,6,2,5,9,2,11,4,5,8,4,13,0,5,7,3,3,4,0,3,4,0,2,2,1,0,1,0,0,0,0,0,0
khalilur-rahaman,Khalilur Rahaman,AITC,West Bengal,Jangipur,Male,63 years,Graduate,59,18,12,12,0,https://prsindia.org/mptrack/17-lok-sabha/khalilur-rahaman,1,0,1,1,0,0,3,0,0,0,0,0,3,1,0,0,0,0,0,0,0,0,0,1,0,0,0,0,0,0,0,0,1,0,0,0,0,0,0,0,0,0,0,0,0,0,0,0,0,0,0,0,0,0,0,0,0,0,0,0,0,0,0
pratima-mondal,Pratima Mondal,AITC,West Bengal,Jaynagar,Female,57 years,Post Graduate,80,87,165,165,0,https://prsindia.org/mptrack/17-lok-sabha/pratima-mondal,9,5,4,5,4,7,4,9,0,7,6,6,9,1,1,5,1,2,6,2,3,4,1,3,2,3,8,1,1,3,1,5,2,3,1,2,0,2,7,0,3,3,5,2,0,1,0,1,1,1,0,0,1,2,0,0,0,0,0,0,0,0,0
kunar-hembram,Kunar Hembram,BJP,West Bengal,Jhargram,Male,61 years,Graduate,91,21,19,19,0,https://prsindia.org/mptrack/17-lok-sabha/kunar-hembram,1,1,0,0,0,0,0,2,1,1,0,0,1,0,0,2,0,0,0,0,0,0,0,1,0,0,0,0,0,0,2,1,0,3,0,1,0,0,0,0,0,0,0,0,0,0,1,0,0,0,0,1,0,0,0,0,0,0,0,0,0,0,0
sisir-kumar-adhikari,Sisir Kumar Adhikari,AITC,West Bengal,Kanthi,Male,82 years,Inter/ Higher Secondary,19,4,206,206,0,https://prsindia.org/mptrack/17-lok-sabha/sisir-kumar-adhikari,12,10,6,9,9,7,3,6,5,2,8,8,10,7,3,4,3,3,5,4,6,1,3,4,1,4,4,2,4,1,1,2,3,2,5,2,5,4,2,1,3,3,2,6,2,1,0,0,2,3,0,2,1,0,0,0,0,0,0,0,0,0,0
mala-roy,Mala Roy,AITC,West Bengal,Kolkata Dakshin,Female,66 years,Graduate,43,10,205,205,0,https://prsindia.org/mptrack/17-lok-sabha/mala-roy,33,8,6,24,3,2,4,4,2,9,21,8,2,7,5,3,1,1,4,0,7,7,1,3,2,0,1,0,1,0,1,4,0,2,1,1,6,1,5,0,0,3,5,0,0,0,0,1,1,1,0,2,0,0,0,0,1,1,0,0,0,0,0
sudip-bandyopadhyay,Sudip Bandyopadhyay,AITC,West Bengal,Kolkata Uttar,Male,75 years,Graduate,73,44,0,0,0,https://prsindia.org/mptrack/17-lok-sabha/sudip-bandyopadhyay,0,0,0,0,0,0,0,0,0,0,0,0,0,0,0,0,0,0,0,0,0,0,0,0,0,0,0,0,0,0,0,0,0,0,0,0,0,0,0,0,0,0,0,0,0,0,0,0,0,0,0,0,0,0,0,0,0,0,0,0,0,0,0
mahua-moitra,Mahua Moitra,AITC,West Bengal,Krishnanagar,Female,49 years,Graduate,83,37,62,62,0,https://prsindia.org/mptrack/17-lok-sabha/mahua-moitra,0,3,1,8,0,4,0,0,1,3,2,1,0,1,0,0,1,3,9,0,3,2,1,0,3,2,0,1,0,1,1,1,1,0,0,0,1,1,1,0,0,0,0,2,0,0,0,0,1,0,1,0,2,0,0,0,0,0,0,0,0,0,0
abu-hasem-khan-choudhury,Abu Hasem Khan Choudhury,INC,West Bengal,Maldaha Dakshin,Male,86 years,Graduate,58,5,12,12,0,https://prsindia.org/mptrack/17-lok-sabha/abu-hasem-khan-choudhury,1,1,0,1,0,0,0,0,0,1,0,0,1,0,0,1,0,0,0,0,0,0,0,0,0,1,0,0,1,0,0,0,1,1,0,0,0,0,0,0,0,0,0,0,0,0,0,0,0,1,0,1,0,0,0,0,0,0,0,0,0,0,0
khagen-murmu,Khagen Murmu,BJP,West Bengal,Maldaha Uttar,Male,64 years,Graduate,94,52,308,308,0,https://prsindia.org/mptrack/17-lok-sabha/khagen-murmu,26,15,18,12,13,13,11,11,5,15,6,8,6,6,6,8,3,6,5,5,8,10,6,2,1,2,3,3,7,10,3,4,2,4,2,4,3,1,4,5,4,1,5,1,1,0,0,3,4,0,4,0,2,0,1,0,0,0,0,0,0,0,0
choudhury-mohan-jatua,Choudhury Mohan Jatua,AITC,West Bengal,Mathurapur,Male,85 years,Post Graduate,30,0,0,0,0,https://prsindia.org/mptrack/17-lok-sabha/choudhury-mohan-jatua,0,0,0,0,0,0,0,0,0,0,0,0,0,0,0,0,0,0,0,0,0,0,0,0,0,0,0,0,0,0,0,0,0,0,0,0,0,0,0,0,0,0,0,0,0,0,0,0,0,0,0,0,0,0,0,0,0,0,0,0,0,0,0
dilip-ghosh,Dilip Ghosh,BJP,West Bengal,Medinipur,Male,59 years,Professional Graduate,83,11,32,32,0,https://prsindia.org/mptrack/17-lok-sabha/dilip-ghosh,1,2,2,0,1,1,2,2,1,1,0,0,0,0,3,1,1,0,1,0,1,0,0,1,2,1,0,1,0,0,0,0,0,0,0,3,0,0,1,0,0,0,0,1,0,1,0,0,0,0,1,0,0,0,0,0,0,0,0,0,0,0,0
abu-taher-khan,Abu Taher Khan,AITC,West Bengal,Murshidabad,Male,62 years,Information Not Available,64,6,4,4,0,https://prsindia.org/mptrack/17-lok-sabha/abu-taher-khan,0,0,0,0,0,0,1,0,1,0,0,0,0,0,0,0,0,0,0,0,0,0,0,1,0,0,0,1,0,0,0,0,0,0,0,0,0,0,0,0,0,0,0,0,0,0,0,0,0,0,0,0,0,0,0,0,0,0,0,0,0,0,0
jyotirmay-singh-mahato,Jyotirmay Singh Mahato,BJP,West Bengal,Purulia,Male,38 years,Information Not Available,69,3,133,133,0,https://prsindia.org/mptrack/17-lok-sabha/jyotirmay-singh-mahato,8,4,2,5,2,5,7,5,1,3,6,3,8,4,3,3,5,4,2,1,2,3,4,0,3,0,2,4,1,4,2,1,2,2,2,2,0,4,2,0,1,1,1,0,0,1,5,0,0,0,0,3,0,0,0,0,0,0,0,0,0,0,0
debasree-chaudhuri,Debasree Chaudhuri,BJP,West Bengal,Raiganj,Female,53 years,Post Graduate,94,9,189,189,0,https://prsindia.org/mptrack/17-lok-sabha/debasree-chaudhuri,11,9,4,10,5,6,2,1,2,3,4,0,4,8,2,1,7,4,5,3,9,6,5,1,3,4,2,4,6,5,0,3,2,0,1,4,1,5,8,6,6,1,0,5,1,2,1,0,2,1,3,1,0,0,0,0,0,0,0,0,0,0,0
jagannath-sarkar,Jagannath Sarkar,BJP,West Bengal,Ranaghat,Male,61 years,Information Not Available,89,7,99,99,0,https://prsindia.org/mptrack/17-lok-sabha/jagannath-sarkar,5,4,4,0,2,12,2,4,1,5,1,0,2,4,3,1,6,1,1,1,2,2,1,2,0,0,2,2,0,4,2,3,1,0,2,0,0,1,1,2,1,0,1,1,3,1,2,1,1,0,0,0,0,1,0,0,0,0,1,0,0,0,0
kalyan-banerjee,Kalyan Banerjee,AITC,West Bengal,Serampore,Male,67 years,Professional Graduate,69,50,138,138,0,https://prsindia.org/mptrack/17-lok-sabha/kalyan-banerjee,14,11,4,11,8,4,5,5,2,4,3,5,5,3,5,2,0,1,1,2,1,4,0,2,2,5,2,0,0,1,1,0,0,1,0,1,4,1,2,0,2,0,1,3,0,0,2,0,2,1,2,2,1,0,0,0,0,0,0,0,0,0,0
dibyendu-adhikari,Dibyendu Adhikari,AITC,West Bengal,Tamluk,Male,47 years,Graduate,24,1,197,197,0,https://prsindia.org/mptrack/17-lok-sabha/dibyendu-adhikari,13,6,11,13,8,9,6,7,4,5,4,6,9,5,10,4,1,5,8,0,2,0,2,1,4,4,3,1,3,2,4,2,3,2,3,1,5,2,3,0,3,2,1,1,1,0,2,1,0,3,0,0,1,1,0,0,0,0,0,0,0,0,0
sajda-ahmed,Sajda Ahmed,AITC,West Bengal,Uluberia,Female,61 years,Graduate,58,11,184,184,0,https://prsindia.org/mptrack/17-lok-sabha/sajda-ahmed,23,3,6,13,8,3,6,3,4,3,8,3,2,8,2,8,3,2,1,3,5,5,4,3,2,0,5,3,2,0,2,6,4,2,2,2,2,0,5,1,0,0,9,1,2,1,1,0,1,1,0,1,0,0,0,0,0,0,0,0,0,0,0
